Workbook

Sheet Prepare Gantt Chart
B2: Fill in the 'Status' and 'Start date' columns (in light grey) for each eligeble project type. Percent coverage changes are optional; Do not make any other edits. In case you need to reset a project type, delete data in the 'Project Status' cell and write "_" (underscore) in the 'Start date' cell. | L2: Cost by sq km: (USD/sq km/Year) | AU2: ='Cost graph'!C1 -> 0 | AZ2: Annual cost: (Billion USD/Year) | BE2: ='Cost graph'!G1 -> 0 | BJ2: Annual benefit: (GtCO2e/year) | BO2: ='Cost graph'!L1 -> 0
B3: ID | F3: Project type | G3: Status | H3: Readiness | I3: Opportunity | AR3: Selection | AT3: Timing
B4: ID | C4: System ID | D4: System | E4: Code | F4: Name | G4: Status (1 = Implementation and management; 2 = Management only) | H4: Start date (starting in 2025 or later) | I4: Percent feasible in 1%, 5% or multiples of 10s% | J4: Opportunity in the current territory (sq km) | L4: Do not change or erase from this point forward | M4: Project_Start_Date (do not edit) | N4: Project_End_Date (do not edit) | O4: Project_Implementation_End_Date (2050 or before) | P4: 2025 | Q4: 2026 | R4: 2027 | S4: 2028 | T4: 2029 | U4: 2030 | V4: 2031 | W4: 2032 | X4: 2033 | Y4: 2034 | Z4: 2035 | AA4: 2036 | AB4: 2037 | AC4: 2038 | AD4: 2039 | AE4: 2040 | AF4: 2041 | AG4: 2042 | AH4: 2043 | AI4: 2044 | AJ4: 2045 | AK4: 2046 | AL4: 2047 | AM4: 2048 | AN4: 2049 | AO4: 2050 | AR4: Project Code | AT4: 2025 | AU4: 2026 | AV4: 2027 | AW4: 2028 | AX4: 2029 | AY4: 2030 | AZ4: 2031 | BA4: 2032 | BB4: 2033 | BC4: 2034 | BD4: 2035 | BE4: 2036 | BF4: 2037 | BG4: 2038 | BH4: 2039 | BI4: 2040 | BJ4: 2041 | BK4: 2042 | BL4: 2043 | BM4: 2044 | BN4: 2045 | BO4: 2046 | BP4: 2047 | BQ4: 2048 | BR4: 2049 | BS4: 2050 | BU4: Project type description
B5: 1 | C5: 1 | D5: OCEAN | E5: OCN_01 | F5: Enhance sustainable marine area conservation | H5: _ | I5: 1 | J5: 1 | M5: =H5 -> _ | N5: ='Project types'!$W$6 -> 2050 | O5: =IF(G5=1,(H5-1)+'Project types'!N6,IF(G5=2,H5-1,9999)) -> 9999 | P5: =_xlfn.IFS(AND(AND($P$4>=$H5,$P$4<=$O5)),2,AND(AND($P$4>=$M5,$P$4<=$N5)),1,AND(OR($P$4<$M5,$P$4>$N5)),0) -> 0 | Q5: =_xlfn.IFS(AND(AND($Q$4>=$H5,$Q$4<=$O5)),2,AND(AND($Q$4>=$M5,$Q$4<=$N5)),1,AND(OR($Q$4<$M5,$Q$4>$N5)),0) -> 0 | R5: =_xlfn.IFS(AND(AND($R$4>=$H5,$R$4<=$O5)),2,AND(AND($R$4>=$M5,$R$4<=$N5)),1,AND(OR($R$4<$M5,$R$4>$N5)),0) -> 0 | S5: =_xlfn.IFS(AND(AND($S$4>=$H5,$S$4<=$O5)),2,AND(AND($S$4>=$M5,$S$4<=$N5)),1,AND(OR($S$4<$M5,$S$4>$N5)),0) -> 0 | T5: =_xlfn.IFS(AND(AND($T$4>=$H5,$T$4<=$O5)),2,AND(AND($T$4>=$M5,$T$4<=$N5)),1,AND(OR($T$4<$M5,$T$4>$N5)),0) -> 0 | U5: =_xlfn.IFS(AND(AND($U$4>=$H5,$U$4<=$O5)),2,AND(AND($U$4>=$M5,$U$4<=$N5)),1,AND(OR($U$4<$M5,$U$4>$N5)),0) -> 0 | V5: =_xlfn.IFS(AND(AND($V$4>=$H5,$V$4<=$O5)),2,AND(AND($V$4>=$M5,$V$4<=$N5)),1,AND(OR($V$4<$M5,$V$4>$N5)),0) -> 0 | W5: =_xlfn.IFS(AND(AND($W$4>=$H5,$W$4<=$O5)),2,AND(AND($W$4>=$M5,$W$4<=$N5)),1,AND(OR($W$4<$M5,$W$4>$N5)),0) -> 0 | X5: =_xlfn.IFS(AND(AND($X$4>=$H5,$X$4<=$O5)),2,AND(AND($X$4>=$M5,$X$4<=$N5)),1,AND(OR($X$4<$M5,$X$4>$N5)),0) -> 0 | Y5: =_xlfn.IFS(AND(AND($Y$4>=$H5,$Y$4<=$O5)),2,AND(AND($Y$4>=$M5,$Y$4<=$N5)),1,AND(OR($Y$4<$M5,$Y$4>$N5)),0) -> 0 | Z5: =_xlfn.IFS(AND(AND($Z$4>=$H5,$Z$4<=$O5)),2,AND(AND($Z$4>=$M5,$Z$4<=$N5)),1,AND(OR($Z$4<$M5,$Z$4>$N5)),0) -> 0 | AA5: =_xlfn.IFS(AND(AND($AA$4>=$H5,$AA$4<=$O5)),2,AND(AND($AA$4>=$M5,$AA$4<=$N5)),1,AND(OR($AA$4<$M5,$AA$4>$N5)),0) -> 0 | AB5: =_xlfn.IFS(AND(AND($AB$4>=$H5,$AB$4<=$O5)),2,AND(AND($AB$4>=$M5,$AB$4<=$N5)),1,AND(OR($AB$4<$M5,$AB$4>$N5)),0) -> 0 | AC5: =_xlfn.IFS(AND(AND($AC$4>=$H5,$AC$4<=$O5)),2,AND(AND($AC$4>=$M5,$AC$4<=$N5)),1,AND(OR($AC$4<$M5,$AC$4>$N5)),0) -> 0 | AD5: =_xlfn.IFS(AND(AND($AD$4>=$H5,$AD$4<=$O5)),2,AND(AND($AD$4>=$M5,$AD$4<=$N5)),1,AND(OR($AD$4<$M5,$AD$4>$N5)),0) -> 0 | AE5: =_xlfn.IFS(AND(AND($AE$4>=$H5,$AE$4<=$O5)),2,AND(AND($AE$4>=$M5,$AE$4<=$N5)),1,AND(OR($AE$4<$M5,$AE$4>$N5)),0) -> 0 | AF5: =_xlfn.IFS(AND(AND($AF$4>=$H5,$AF$4<=$O5)),2,AND(AND($AF$4>=$M5,$AF$4<=$N5)),1,AND(OR($AF$4<$M5,$AF$4>$N5)),0) -> 0 | AG5: =_xlfn.IFS(AND(AND($AG$4>=$H5,$AG$4<=$O5)),2,AND(AND($AG$4>=$M5,$AG$4<=$N5)),1,AND(OR($AG$4<$M5,$AG$4>$N5)),0) -> 0 | AH5: =_xlfn.IFS(AND(AND($AH$4>=$H5,$AH$4<=$O5)),2,AND(AND($AH$4>=$M5,$AH$4<=$N5)),1,AND(OR($AH$4<$M5,$AH$4>$N5)),0) -> 0 | AI5: =_xlfn.IFS(AND(AND($AI$4>=$H5,$AI$4<=$O5)),2,AND(AND($AI$4>=$M5,$AI$4<=$N5)),1,AND(OR($AI$4<$M5,$AI$4>$N5)),0) -> 0 | AJ5: =_xlfn.IFS(AND(AND($AJ$4>=$H5,$AJ$4<=$O5)),2,AND(AND($AJ$4>=$M5,$AJ$4<=$N5)),1,AND(OR($AJ$4<$M5,$AJ$4>$N5)),0) -> 0 | AK5: =_xlfn.IFS(AND(AND($AK$4>=$H5,$AK$4<=$O5)),2,AND(AND($AK$4>=$M5,$AK$4<=$N5)),1,AND(OR($AK$4<$M5,$AK$4>$N5)),0) -> 0 | AL5: =_xlfn.IFS(AND(AND($AL$4>=$H5,$AL$4<=$O5)),2,AND(AND($AL$4>=$M5,$AL$4<=$N5)),1,AND(OR($AL$4<$M5,$AL$4>$N5)),0) -> 0 | AM5: =_xlfn.IFS(AND(AND($AM$4>=$H5,$AM$4<=$O5)),2,AND(AND($AM$4>=$M5,$AM$4<=$N5)),1,AND(OR($AM$4<$M5,$AM$4>$N5)),0) -> 0 | AN5: =_xlfn.IFS(AND(AND($AN$4>=$H5,$AN$4<=$O5)),2,AND(AND($AN$4>=$M5,$AN$4<=$N5)),1,AND(OR($AN$4<$M5,$AN$4>$N5)),0) -> 0 | AO5: =_xlfn.IFS(AND(AND($AO$4>=$H5,$AO$4<=$O5)),2,AND(AND($AO$4>=$M5,$AO$4<=$N5)),1,AND(OR($AO$4<$M5,$AO$4>$N5)),0) -> 0 | AQ5: 1 | AR5: OCN_01 | BU5: =#REF! -> #REF!
B6: 2 | C6: 1 | D6: OCEAN | E6: OCN_02 | F6: Enhance sustainable mangrove conservation | H6: _ | I6: 1 | J6: 1 | M6: =H6 -> _ | N6: ='Project types'!$W$6 -> 2050 | O6: =IF(G6=1,(H6-1)+'Project types'!N7,IF(G6=2,H6-1,9999)) -> 9999 | P6: =_xlfn.IFS(AND(AND($P$4>=$H6,$P$4<=$O6)),2,AND(AND($P$4>=$M6,$P$4<=$N6)),1,AND(OR($P$4<$M6,$P$4>$N6)),0) -> 0 | Q6: =_xlfn.IFS(AND(AND($Q$4>=$H6,$Q$4<=$O6)),2,AND(AND($Q$4>=$M6,$Q$4<=$N6)),1,AND(OR($Q$4<$M6,$Q$4>$N6)),0) -> 0 | R6: =_xlfn.IFS(AND(AND($R$4>=$H6,$R$4<=$O6)),2,AND(AND($R$4>=$M6,$R$4<=$N6)),1,AND(OR($R$4<$M6,$R$4>$N6)),0) -> 0 | S6: =_xlfn.IFS(AND(AND($S$4>=$H6,$S$4<=$O6)),2,AND(AND($S$4>=$M6,$S$4<=$N6)),1,AND(OR($S$4<$M6,$S$4>$N6)),0) -> 0 | T6: =_xlfn.IFS(AND(AND($T$4>=$H6,$T$4<=$O6)),2,AND(AND($T$4>=$M6,$T$4<=$N6)),1,AND(OR($T$4<$M6,$T$4>$N6)),0) -> 0 | U6: =_xlfn.IFS(AND(AND($U$4>=$H6,$U$4<=$O6)),2,AND(AND($U$4>=$M6,$U$4<=$N6)),1,AND(OR($U$4<$M6,$U$4>$N6)),0) -> 0 | V6: =_xlfn.IFS(AND(AND($V$4>=$H6,$V$4<=$O6)),2,AND(AND($V$4>=$M6,$V$4<=$N6)),1,AND(OR($V$4<$M6,$V$4>$N6)),0) -> 0 | W6: =_xlfn.IFS(AND(AND($W$4>=$H6,$W$4<=$O6)),2,AND(AND($W$4>=$M6,$W$4<=$N6)),1,AND(OR($W$4<$M6,$W$4>$N6)),0) -> 0 | X6: =_xlfn.IFS(AND(AND($X$4>=$H6,$X$4<=$O6)),2,AND(AND($X$4>=$M6,$X$4<=$N6)),1,AND(OR($X$4<$M6,$X$4>$N6)),0) -> 0 | Y6: =_xlfn.IFS(AND(AND($Y$4>=$H6,$Y$4<=$O6)),2,AND(AND($Y$4>=$M6,$Y$4<=$N6)),1,AND(OR($Y$4<$M6,$Y$4>$N6)),0) -> 0 | Z6: =_xlfn.IFS(AND(AND($Z$4>=$H6,$Z$4<=$O6)),2,AND(AND($Z$4>=$M6,$Z$4<=$N6)),1,AND(OR($Z$4<$M6,$Z$4>$N6)),0) -> 0 | AA6: =_xlfn.IFS(AND(AND($AA$4>=$H6,$AA$4<=$O6)),2,AND(AND($AA$4>=$M6,$AA$4<=$N6)),1,AND(OR($AA$4<$M6,$AA$4>$N6)),0) -> 0 | AB6: =_xlfn.IFS(AND(AND($AB$4>=$H6,$AB$4<=$O6)),2,AND(AND($AB$4>=$M6,$AB$4<=$N6)),1,AND(OR($AB$4<$M6,$AB$4>$N6)),0) -> 0 | AC6: =_xlfn.IFS(AND(AND($AC$4>=$H6,$AC$4<=$O6)),2,AND(AND($AC$4>=$M6,$AC$4<=$N6)),1,AND(OR($AC$4<$M6,$AC$4>$N6)),0) -> 0 | AD6: =_xlfn.IFS(AND(AND($AD$4>=$H6,$AD$4<=$O6)),2,AND(AND($AD$4>=$M6,$AD$4<=$N6)),1,AND(OR($AD$4<$M6,$AD$4>$N6)),0) -> 0 | AE6: =_xlfn.IFS(AND(AND($AE$4>=$H6,$AE$4<=$O6)),2,AND(AND($AE$4>=$M6,$AE$4<=$N6)),1,AND(OR($AE$4<$M6,$AE$4>$N6)),0) -> 0 | AF6: =_xlfn.IFS(AND(AND($AF$4>=$H6,$AF$4<=$O6)),2,AND(AND($AF$4>=$M6,$AF$4<=$N6)),1,AND(OR($AF$4<$M6,$AF$4>$N6)),0) -> 0 | AG6: =_xlfn.IFS(AND(AND($AG$4>=$H6,$AG$4<=$O6)),2,AND(AND($AG$4>=$M6,$AG$4<=$N6)),1,AND(OR($AG$4<$M6,$AG$4>$N6)),0) -> 0 | AH6: =_xlfn.IFS(AND(AND($AH$4>=$H6,$AH$4<=$O6)),2,AND(AND($AH$4>=$M6,$AH$4<=$N6)),1,AND(OR($AH$4<$M6,$AH$4>$N6)),0) -> 0 | AI6: =_xlfn.IFS(AND(AND($AI$4>=$H6,$AI$4<=$O6)),2,AND(AND($AI$4>=$M6,$AI$4<=$N6)),1,AND(OR($AI$4<$M6,$AI$4>$N6)),0) -> 0 | AJ6: =_xlfn.IFS(AND(AND($AJ$4>=$H6,$AJ$4<=$O6)),2,AND(AND($AJ$4>=$M6,$AJ$4<=$N6)),1,AND(OR($AJ$4<$M6,$AJ$4>$N6)),0) -> 0 | AK6: =_xlfn.IFS(AND(AND($AK$4>=$H6,$AK$4<=$O6)),2,AND(AND($AK$4>=$M6,$AK$4<=$N6)),1,AND(OR($AK$4<$M6,$AK$4>$N6)),0) -> 0 | AL6: =_xlfn.IFS(AND(AND($AL$4>=$H6,$AL$4<=$O6)),2,AND(AND($AL$4>=$M6,$AL$4<=$N6)),1,AND(OR($AL$4<$M6,$AL$4>$N6)),0) -> 0 | AM6: =_xlfn.IFS(AND(AND($AM$4>=$H6,$AM$4<=$O6)),2,AND(AND($AM$4>=$M6,$AM$4<=$N6)),1,AND(OR($AM$4<$M6,$AM$4>$N6)),0) -> 0 | AN6: =_xlfn.IFS(AND(AND($AN$4>=$H6,$AN$4<=$O6)),2,AND(AND($AN$4>=$M6,$AN$4<=$N6)),1,AND(OR($AN$4<$M6,$AN$4>$N6)),0) -> 0 | AO6: =_xlfn.IFS(AND(AND($AO$4>=$H6,$AO$4<=$O6)),2,AND(AND($AO$4>=$M6,$AO$4<=$N6)),1,AND(OR($AO$4<$M6,$AO$4>$N6)),0) -> 0 | AQ6: 1 | AR6: OCN_02 | BU6: =#REF! -> #REF!
B7: 3 | C7: 1 | D7: OCEAN | E7: OCN_03 | F7: Enhance sustainable coral reef conservation | H7: _ | I7: 1 | J7: 1 | M7: =H7 -> _ | N7: ='Project types'!$W$6 -> 2050 | O7: =IF(G7=1,(H7-1)+'Project types'!N8,IF(G7=2,H7-1,9999)) -> 9999 | P7: =_xlfn.IFS(AND(AND($P$4>=$H7,$P$4<=$O7)),2,AND(AND($P$4>=$M7,$P$4<=$N7)),1,AND(OR($P$4<$M7,$P$4>$N7)),0) -> 0 | Q7: =_xlfn.IFS(AND(AND($Q$4>=$H7,$Q$4<=$O7)),2,AND(AND($Q$4>=$M7,$Q$4<=$N7)),1,AND(OR($Q$4<$M7,$Q$4>$N7)),0) -> 0 | R7: =_xlfn.IFS(AND(AND($R$4>=$H7,$R$4<=$O7)),2,AND(AND($R$4>=$M7,$R$4<=$N7)),1,AND(OR($R$4<$M7,$R$4>$N7)),0) -> 0 | S7: =_xlfn.IFS(AND(AND($S$4>=$H7,$S$4<=$O7)),2,AND(AND($S$4>=$M7,$S$4<=$N7)),1,AND(OR($S$4<$M7,$S$4>$N7)),0) -> 0 | T7: =_xlfn.IFS(AND(AND($T$4>=$H7,$T$4<=$O7)),2,AND(AND($T$4>=$M7,$T$4<=$N7)),1,AND(OR($T$4<$M7,$T$4>$N7)),0) -> 0 | U7: =_xlfn.IFS(AND(AND($U$4>=$H7,$U$4<=$O7)),2,AND(AND($U$4>=$M7,$U$4<=$N7)),1,AND(OR($U$4<$M7,$U$4>$N7)),0) -> 0 | V7: =_xlfn.IFS(AND(AND($V$4>=$H7,$V$4<=$O7)),2,AND(AND($V$4>=$M7,$V$4<=$N7)),1,AND(OR($V$4<$M7,$V$4>$N7)),0) -> 0 | W7: =_xlfn.IFS(AND(AND($W$4>=$H7,$W$4<=$O7)),2,AND(AND($W$4>=$M7,$W$4<=$N7)),1,AND(OR($W$4<$M7,$W$4>$N7)),0) -> 0 | X7: =_xlfn.IFS(AND(AND($X$4>=$H7,$X$4<=$O7)),2,AND(AND($X$4>=$M7,$X$4<=$N7)),1,AND(OR($X$4<$M7,$X$4>$N7)),0) -> 0 | Y7: =_xlfn.IFS(AND(AND($Y$4>=$H7,$Y$4<=$O7)),2,AND(AND($Y$4>=$M7,$Y$4<=$N7)),1,AND(OR($Y$4<$M7,$Y$4>$N7)),0) -> 0 | Z7: =_xlfn.IFS(AND(AND($Z$4>=$H7,$Z$4<=$O7)),2,AND(AND($Z$4>=$M7,$Z$4<=$N7)),1,AND(OR($Z$4<$M7,$Z$4>$N7)),0) -> 0 | AA7: =_xlfn.IFS(AND(AND($AA$4>=$H7,$AA$4<=$O7)),2,AND(AND($AA$4>=$M7,$AA$4<=$N7)),1,AND(OR($AA$4<$M7,$AA$4>$N7)),0) -> 0 | AB7: =_xlfn.IFS(AND(AND($AB$4>=$H7,$AB$4<=$O7)),2,AND(AND($AB$4>=$M7,$AB$4<=$N7)),1,AND(OR($AB$4<$M7,$AB$4>$N7)),0) -> 0 | AC7: =_xlfn.IFS(AND(AND($AC$4>=$H7,$AC$4<=$O7)),2,AND(AND($AC$4>=$M7,$AC$4<=$N7)),1,AND(OR($AC$4<$M7,$AC$4>$N7)),0) -> 0 | AD7: =_xlfn.IFS(AND(AND($AD$4>=$H7,$AD$4<=$O7)),2,AND(AND($AD$4>=$M7,$AD$4<=$N7)),1,AND(OR($AD$4<$M7,$AD$4>$N7)),0) -> 0 | AE7: =_xlfn.IFS(AND(AND($AE$4>=$H7,$AE$4<=$O7)),2,AND(AND($AE$4>=$M7,$AE$4<=$N7)),1,AND(OR($AE$4<$M7,$AE$4>$N7)),0) -> 0 | AF7: =_xlfn.IFS(AND(AND($AF$4>=$H7,$AF$4<=$O7)),2,AND(AND($AF$4>=$M7,$AF$4<=$N7)),1,AND(OR($AF$4<$M7,$AF$4>$N7)),0) -> 0 | AG7: =_xlfn.IFS(AND(AND($AG$4>=$H7,$AG$4<=$O7)),2,AND(AND($AG$4>=$M7,$AG$4<=$N7)),1,AND(OR($AG$4<$M7,$AG$4>$N7)),0) -> 0 | AH7: =_xlfn.IFS(AND(AND($AH$4>=$H7,$AH$4<=$O7)),2,AND(AND($AH$4>=$M7,$AH$4<=$N7)),1,AND(OR($AH$4<$M7,$AH$4>$N7)),0) -> 0 | AI7: =_xlfn.IFS(AND(AND($AI$4>=$H7,$AI$4<=$O7)),2,AND(AND($AI$4>=$M7,$AI$4<=$N7)),1,AND(OR($AI$4<$M7,$AI$4>$N7)),0) -> 0 | AJ7: =_xlfn.IFS(AND(AND($AJ$4>=$H7,$AJ$4<=$O7)),2,AND(AND($AJ$4>=$M7,$AJ$4<=$N7)),1,AND(OR($AJ$4<$M7,$AJ$4>$N7)),0) -> 0 | AK7: =_xlfn.IFS(AND(AND($AK$4>=$H7,$AK$4<=$O7)),2,AND(AND($AK$4>=$M7,$AK$4<=$N7)),1,AND(OR($AK$4<$M7,$AK$4>$N7)),0) -> 0 | AL7: =_xlfn.IFS(AND(AND($AL$4>=$H7,$AL$4<=$O7)),2,AND(AND($AL$4>=$M7,$AL$4<=$N7)),1,AND(OR($AL$4<$M7,$AL$4>$N7)),0) -> 0 | AM7: =_xlfn.IFS(AND(AND($AM$4>=$H7,$AM$4<=$O7)),2,AND(AND($AM$4>=$M7,$AM$4<=$N7)),1,AND(OR($AM$4<$M7,$AM$4>$N7)),0) -> 0 | AN7: =_xlfn.IFS(AND(AND($AN$4>=$H7,$AN$4<=$O7)),2,AND(AND($AN$4>=$M7,$AN$4<=$N7)),1,AND(OR($AN$4<$M7,$AN$4>$N7)),0) -> 0 | AO7: =_xlfn.IFS(AND(AND($AO$4>=$H7,$AO$4<=$O7)),2,AND(AND($AO$4>=$M7,$AO$4<=$N7)),1,AND(OR($AO$4<$M7,$AO$4>$N7)),0) -> 0 | AQ7: 1 | AR7: OCN_03 | BU7: =#REF! -> #REF!
B8: 4 | C8: 1 | D8: OCEAN | E8: OCN_04 | F8: Enhance mangrove restoration | H8: _ | I8: 1 | J8: 1 | M8: =H8 -> _ | N8: ='Project types'!$W$6 -> 2050 | O8: =IF(G8=1,(H8-1)+'Project types'!N9,IF(G8=2,H8-1,9999)) -> 9999 | P8: =_xlfn.IFS(AND(AND($P$4>=$H8,$P$4<=$O8)),2,AND(AND($P$4>=$M8,$P$4<=$N8)),1,AND(OR($P$4<$M8,$P$4>$N8)),0) -> 0 | Q8: =_xlfn.IFS(AND(AND($Q$4>=$H8,$Q$4<=$O8)),2,AND(AND($Q$4>=$M8,$Q$4<=$N8)),1,AND(OR($Q$4<$M8,$Q$4>$N8)),0) -> 0 | R8: =_xlfn.IFS(AND(AND($R$4>=$H8,$R$4<=$O8)),2,AND(AND($R$4>=$M8,$R$4<=$N8)),1,AND(OR($R$4<$M8,$R$4>$N8)),0) -> 0 | S8: =_xlfn.IFS(AND(AND($S$4>=$H8,$S$4<=$O8)),2,AND(AND($S$4>=$M8,$S$4<=$N8)),1,AND(OR($S$4<$M8,$S$4>$N8)),0) -> 0 | T8: =_xlfn.IFS(AND(AND($T$4>=$H8,$T$4<=$O8)),2,AND(AND($T$4>=$M8,$T$4<=$N8)),1,AND(OR($T$4<$M8,$T$4>$N8)),0) -> 0 | U8: =_xlfn.IFS(AND(AND($U$4>=$H8,$U$4<=$O8)),2,AND(AND($U$4>=$M8,$U$4<=$N8)),1,AND(OR($U$4<$M8,$U$4>$N8)),0) -> 0 | V8: =_xlfn.IFS(AND(AND($V$4>=$H8,$V$4<=$O8)),2,AND(AND($V$4>=$M8,$V$4<=$N8)),1,AND(OR($V$4<$M8,$V$4>$N8)),0) -> 0 | W8: =_xlfn.IFS(AND(AND($W$4>=$H8,$W$4<=$O8)),2,AND(AND($W$4>=$M8,$W$4<=$N8)),1,AND(OR($W$4<$M8,$W$4>$N8)),0) -> 0 | X8: =_xlfn.IFS(AND(AND($X$4>=$H8,$X$4<=$O8)),2,AND(AND($X$4>=$M8,$X$4<=$N8)),1,AND(OR($X$4<$M8,$X$4>$N8)),0) -> 0 | Y8: =_xlfn.IFS(AND(AND($Y$4>=$H8,$Y$4<=$O8)),2,AND(AND($Y$4>=$M8,$Y$4<=$N8)),1,AND(OR($Y$4<$M8,$Y$4>$N8)),0) -> 0 | Z8: =_xlfn.IFS(AND(AND($Z$4>=$H8,$Z$4<=$O8)),2,AND(AND($Z$4>=$M8,$Z$4<=$N8)),1,AND(OR($Z$4<$M8,$Z$4>$N8)),0) -> 0 | AA8: =_xlfn.IFS(AND(AND($AA$4>=$H8,$AA$4<=$O8)),2,AND(AND($AA$4>=$M8,$AA$4<=$N8)),1,AND(OR($AA$4<$M8,$AA$4>$N8)),0) -> 0 | AB8: =_xlfn.IFS(AND(AND($AB$4>=$H8,$AB$4<=$O8)),2,AND(AND($AB$4>=$M8,$AB$4<=$N8)),1,AND(OR($AB$4<$M8,$AB$4>$N8)),0) -> 0 | AC8: =_xlfn.IFS(AND(AND($AC$4>=$H8,$AC$4<=$O8)),2,AND(AND($AC$4>=$M8,$AC$4<=$N8)),1,AND(OR($AC$4<$M8,$AC$4>$N8)),0) -> 0 | AD8: =_xlfn.IFS(AND(AND($AD$4>=$H8,$AD$4<=$O8)),2,AND(AND($AD$4>=$M8,$AD$4<=$N8)),1,AND(OR($AD$4<$M8,$AD$4>$N8)),0) -> 0 | AE8: =_xlfn.IFS(AND(AND($AE$4>=$H8,$AE$4<=$O8)),2,AND(AND($AE$4>=$M8,$AE$4<=$N8)),1,AND(OR($AE$4<$M8,$AE$4>$N8)),0) -> 0 | AF8: =_xlfn.IFS(AND(AND($AF$4>=$H8,$AF$4<=$O8)),2,AND(AND($AF$4>=$M8,$AF$4<=$N8)),1,AND(OR($AF$4<$M8,$AF$4>$N8)),0) -> 0 | AG8: =_xlfn.IFS(AND(AND($AG$4>=$H8,$AG$4<=$O8)),2,AND(AND($AG$4>=$M8,$AG$4<=$N8)),1,AND(OR($AG$4<$M8,$AG$4>$N8)),0) -> 0 | AH8: =_xlfn.IFS(AND(AND($AH$4>=$H8,$AH$4<=$O8)),2,AND(AND($AH$4>=$M8,$AH$4<=$N8)),1,AND(OR($AH$4<$M8,$AH$4>$N8)),0) -> 0 | AI8: =_xlfn.IFS(AND(AND($AI$4>=$H8,$AI$4<=$O8)),2,AND(AND($AI$4>=$M8,$AI$4<=$N8)),1,AND(OR($AI$4<$M8,$AI$4>$N8)),0) -> 0 | AJ8: =_xlfn.IFS(AND(AND($AJ$4>=$H8,$AJ$4<=$O8)),2,AND(AND($AJ$4>=$M8,$AJ$4<=$N8)),1,AND(OR($AJ$4<$M8,$AJ$4>$N8)),0) -> 0 | AK8: =_xlfn.IFS(AND(AND($AK$4>=$H8,$AK$4<=$O8)),2,AND(AND($AK$4>=$M8,$AK$4<=$N8)),1,AND(OR($AK$4<$M8,$AK$4>$N8)),0) -> 0 | AL8: =_xlfn.IFS(AND(AND($AL$4>=$H8,$AL$4<=$O8)),2,AND(AND($AL$4>=$M8,$AL$4<=$N8)),1,AND(OR($AL$4<$M8,$AL$4>$N8)),0) -> 0 | AM8: =_xlfn.IFS(AND(AND($AM$4>=$H8,$AM$4<=$O8)),2,AND(AND($AM$4>=$M8,$AM$4<=$N8)),1,AND(OR($AM$4<$M8,$AM$4>$N8)),0) -> 0 | AN8: =_xlfn.IFS(AND(AND($AN$4>=$H8,$AN$4<=$O8)),2,AND(AND($AN$4>=$M8,$AN$4<=$N8)),1,AND(OR($AN$4<$M8,$AN$4>$N8)),0) -> 0 | AO8: =_xlfn.IFS(AND(AND($AO$4>=$H8,$AO$4<=$O8)),2,AND(AND($AO$4>=$M8,$AO$4<=$N8)),1,AND(OR($AO$4<$M8,$AO$4>$N8)),0) -> 0 | AQ8: 1 | AR8: OCN_04 | BU8: =#REF! -> #REF!
B9: 5 | C9: 1 | D9: OCEAN | E9: OCN_05 | F9: Enhance coral reef restoration | H9: _ | I9: 1 | J9: 1 | M9: =H9 -> _ | N9: ='Project types'!$W$6 -> 2050 | O9: =IF(G9=1,(H9-1)+'Project types'!N10,IF(G9=2,H9-1,9999)) -> 9999 | P9: =_xlfn.IFS(AND(AND($P$4>=$H9,$P$4<=$O9)),2,AND(AND($P$4>=$M9,$P$4<=$N9)),1,AND(OR($P$4<$M9,$P$4>$N9)),0) -> 0 | Q9: =_xlfn.IFS(AND(AND($Q$4>=$H9,$Q$4<=$O9)),2,AND(AND($Q$4>=$M9,$Q$4<=$N9)),1,AND(OR($Q$4<$M9,$Q$4>$N9)),0) -> 0 | R9: =_xlfn.IFS(AND(AND($R$4>=$H9,$R$4<=$O9)),2,AND(AND($R$4>=$M9,$R$4<=$N9)),1,AND(OR($R$4<$M9,$R$4>$N9)),0) -> 0 | S9: =_xlfn.IFS(AND(AND($S$4>=$H9,$S$4<=$O9)),2,AND(AND($S$4>=$M9,$S$4<=$N9)),1,AND(OR($S$4<$M9,$S$4>$N9)),0) -> 0 | T9: =_xlfn.IFS(AND(AND($T$4>=$H9,$T$4<=$O9)),2,AND(AND($T$4>=$M9,$T$4<=$N9)),1,AND(OR($T$4<$M9,$T$4>$N9)),0) -> 0 | U9: =_xlfn.IFS(AND(AND($U$4>=$H9,$U$4<=$O9)),2,AND(AND($U$4>=$M9,$U$4<=$N9)),1,AND(OR($U$4<$M9,$U$4>$N9)),0) -> 0 | V9: =_xlfn.IFS(AND(AND($V$4>=$H9,$V$4<=$O9)),2,AND(AND($V$4>=$M9,$V$4<=$N9)),1,AND(OR($V$4<$M9,$V$4>$N9)),0) -> 0 | W9: =_xlfn.IFS(AND(AND($W$4>=$H9,$W$4<=$O9)),2,AND(AND($W$4>=$M9,$W$4<=$N9)),1,AND(OR($W$4<$M9,$W$4>$N9)),0) -> 0 | X9: =_xlfn.IFS(AND(AND($X$4>=$H9,$X$4<=$O9)),2,AND(AND($X$4>=$M9,$X$4<=$N9)),1,AND(OR($X$4<$M9,$X$4>$N9)),0) -> 0 | Y9: =_xlfn.IFS(AND(AND($Y$4>=$H9,$Y$4<=$O9)),2,AND(AND($Y$4>=$M9,$Y$4<=$N9)),1,AND(OR($Y$4<$M9,$Y$4>$N9)),0) -> 0 | Z9: =_xlfn.IFS(AND(AND($Z$4>=$H9,$Z$4<=$O9)),2,AND(AND($Z$4>=$M9,$Z$4<=$N9)),1,AND(OR($Z$4<$M9,$Z$4>$N9)),0) -> 0 | AA9: =_xlfn.IFS(AND(AND($AA$4>=$H9,$AA$4<=$O9)),2,AND(AND($AA$4>=$M9,$AA$4<=$N9)),1,AND(OR($AA$4<$M9,$AA$4>$N9)),0) -> 0 | AB9: =_xlfn.IFS(AND(AND($AB$4>=$H9,$AB$4<=$O9)),2,AND(AND($AB$4>=$M9,$AB$4<=$N9)),1,AND(OR($AB$4<$M9,$AB$4>$N9)),0) -> 0 | AC9: =_xlfn.IFS(AND(AND($AC$4>=$H9,$AC$4<=$O9)),2,AND(AND($AC$4>=$M9,$AC$4<=$N9)),1,AND(OR($AC$4<$M9,$AC$4>$N9)),0) -> 0 | AD9: =_xlfn.IFS(AND(AND($AD$4>=$H9,$AD$4<=$O9)),2,AND(AND($AD$4>=$M9,$AD$4<=$N9)),1,AND(OR($AD$4<$M9,$AD$4>$N9)),0) -> 0 | AE9: =_xlfn.IFS(AND(AND($AE$4>=$H9,$AE$4<=$O9)),2,AND(AND($AE$4>=$M9,$AE$4<=$N9)),1,AND(OR($AE$4<$M9,$AE$4>$N9)),0) -> 0 | AF9: =_xlfn.IFS(AND(AND($AF$4>=$H9,$AF$4<=$O9)),2,AND(AND($AF$4>=$M9,$AF$4<=$N9)),1,AND(OR($AF$4<$M9,$AF$4>$N9)),0) -> 0 | AG9: =_xlfn.IFS(AND(AND($AG$4>=$H9,$AG$4<=$O9)),2,AND(AND($AG$4>=$M9,$AG$4<=$N9)),1,AND(OR($AG$4<$M9,$AG$4>$N9)),0) -> 0 | AH9: =_xlfn.IFS(AND(AND($AH$4>=$H9,$AH$4<=$O9)),2,AND(AND($AH$4>=$M9,$AH$4<=$N9)),1,AND(OR($AH$4<$M9,$AH$4>$N9)),0) -> 0 | AI9: =_xlfn.IFS(AND(AND($AI$4>=$H9,$AI$4<=$O9)),2,AND(AND($AI$4>=$M9,$AI$4<=$N9)),1,AND(OR($AI$4<$M9,$AI$4>$N9)),0) -> 0 | AJ9: =_xlfn.IFS(AND(AND($AJ$4>=$H9,$AJ$4<=$O9)),2,AND(AND($AJ$4>=$M9,$AJ$4<=$N9)),1,AND(OR($AJ$4<$M9,$AJ$4>$N9)),0) -> 0 | AK9: =_xlfn.IFS(AND(AND($AK$4>=$H9,$AK$4<=$O9)),2,AND(AND($AK$4>=$M9,$AK$4<=$N9)),1,AND(OR($AK$4<$M9,$AK$4>$N9)),0) -> 0 | AL9: =_xlfn.IFS(AND(AND($AL$4>=$H9,$AL$4<=$O9)),2,AND(AND($AL$4>=$M9,$AL$4<=$N9)),1,AND(OR($AL$4<$M9,$AL$4>$N9)),0) -> 0 | AM9: =_xlfn.IFS(AND(AND($AM$4>=$H9,$AM$4<=$O9)),2,AND(AND($AM$4>=$M9,$AM$4<=$N9)),1,AND(OR($AM$4<$M9,$AM$4>$N9)),0) -> 0 | AN9: =_xlfn.IFS(AND(AND($AN$4>=$H9,$AN$4<=$O9)),2,AND(AND($AN$4>=$M9,$AN$4<=$N9)),1,AND(OR($AN$4<$M9,$AN$4>$N9)),0) -> 0 | AO9: =_xlfn.IFS(AND(AND($AO$4>=$H9,$AO$4<=$O9)),2,AND(AND($AO$4>=$M9,$AO$4<=$N9)),1,AND(OR($AO$4<$M9,$AO$4>$N9)),0) -> 0 | AQ9: 1 | AR9: OCN_05 | BU9: =#REF! -> #REF!
B10: 6 | C10: 1 | D10: OCEAN | E10: OCN_06 | F10: Enhance sustainable fishing | H10: _ | I10: 0.01 | J10: 1 | M10: =H10 -> _ | N10: ='Project types'!$W$6 -> 2050 | O10: =IF(G10=1,(H10-1)+'Project types'!N11,IF(G10=2,H10-1,9999)) -> 9999 | P10: =_xlfn.IFS(AND(AND($P$4>=$H10,$P$4<=$O10)),2,AND(AND($P$4>=$M10,$P$4<=$N10)),1,AND(OR($P$4<$M10,$P$4>$N10)),0) -> 0 | Q10: =_xlfn.IFS(AND(AND($Q$4>=$H10,$Q$4<=$O10)),2,AND(AND($Q$4>=$M10,$Q$4<=$N10)),1,AND(OR($Q$4<$M10,$Q$4>$N10)),0) -> 0 | R10: =_xlfn.IFS(AND(AND($R$4>=$H10,$R$4<=$O10)),2,AND(AND($R$4>=$M10,$R$4<=$N10)),1,AND(OR($R$4<$M10,$R$4>$N10)),0) -> 0 | S10: =_xlfn.IFS(AND(AND($S$4>=$H10,$S$4<=$O10)),2,AND(AND($S$4>=$M10,$S$4<=$N10)),1,AND(OR($S$4<$M10,$S$4>$N10)),0) -> 0 | T10: =_xlfn.IFS(AND(AND($T$4>=$H10,$T$4<=$O10)),2,AND(AND($T$4>=$M10,$T$4<=$N10)),1,AND(OR($T$4<$M10,$T$4>$N10)),0) -> 0 | U10: =_xlfn.IFS(AND(AND($U$4>=$H10,$U$4<=$O10)),2,AND(AND($U$4>=$M10,$U$4<=$N10)),1,AND(OR($U$4<$M10,$U$4>$N10)),0) -> 0 | V10: =_xlfn.IFS(AND(AND($V$4>=$H10,$V$4<=$O10)),2,AND(AND($V$4>=$M10,$V$4<=$N10)),1,AND(OR($V$4<$M10,$V$4>$N10)),0) -> 0 | W10: =_xlfn.IFS(AND(AND($W$4>=$H10,$W$4<=$O10)),2,AND(AND($W$4>=$M10,$W$4<=$N10)),1,AND(OR($W$4<$M10,$W$4>$N10)),0) -> 0 | X10: =_xlfn.IFS(AND(AND($X$4>=$H10,$X$4<=$O10)),2,AND(AND($X$4>=$M10,$X$4<=$N10)),1,AND(OR($X$4<$M10,$X$4>$N10)),0) -> 0 | Y10: =_xlfn.IFS(AND(AND($Y$4>=$H10,$Y$4<=$O10)),2,AND(AND($Y$4>=$M10,$Y$4<=$N10)),1,AND(OR($Y$4<$M10,$Y$4>$N10)),0) -> 0 | Z10: =_xlfn.IFS(AND(AND($Z$4>=$H10,$Z$4<=$O10)),2,AND(AND($Z$4>=$M10,$Z$4<=$N10)),1,AND(OR($Z$4<$M10,$Z$4>$N10)),0) -> 0 | AA10: =_xlfn.IFS(AND(AND($AA$4>=$H10,$AA$4<=$O10)),2,AND(AND($AA$4>=$M10,$AA$4<=$N10)),1,AND(OR($AA$4<$M10,$AA$4>$N10)),0) -> 0 | AB10: =_xlfn.IFS(AND(AND($AB$4>=$H10,$AB$4<=$O10)),2,AND(AND($AB$4>=$M10,$AB$4<=$N10)),1,AND(OR($AB$4<$M10,$AB$4>$N10)),0) -> 0 | AC10: =_xlfn.IFS(AND(AND($AC$4>=$H10,$AC$4<=$O10)),2,AND(AND($AC$4>=$M10,$AC$4<=$N10)),1,AND(OR($AC$4<$M10,$AC$4>$N10)),0) -> 0 | AD10: =_xlfn.IFS(AND(AND($AD$4>=$H10,$AD$4<=$O10)),2,AND(AND($AD$4>=$M10,$AD$4<=$N10)),1,AND(OR($AD$4<$M10,$AD$4>$N10)),0) -> 0 | AE10: =_xlfn.IFS(AND(AND($AE$4>=$H10,$AE$4<=$O10)),2,AND(AND($AE$4>=$M10,$AE$4<=$N10)),1,AND(OR($AE$4<$M10,$AE$4>$N10)),0) -> 0 | AF10: =_xlfn.IFS(AND(AND($AF$4>=$H10,$AF$4<=$O10)),2,AND(AND($AF$4>=$M10,$AF$4<=$N10)),1,AND(OR($AF$4<$M10,$AF$4>$N10)),0) -> 0 | AG10: =_xlfn.IFS(AND(AND($AG$4>=$H10,$AG$4<=$O10)),2,AND(AND($AG$4>=$M10,$AG$4<=$N10)),1,AND(OR($AG$4<$M10,$AG$4>$N10)),0) -> 0 | AH10: =_xlfn.IFS(AND(AND($AH$4>=$H10,$AH$4<=$O10)),2,AND(AND($AH$4>=$M10,$AH$4<=$N10)),1,AND(OR($AH$4<$M10,$AH$4>$N10)),0) -> 0 | AI10: =_xlfn.IFS(AND(AND($AI$4>=$H10,$AI$4<=$O10)),2,AND(AND($AI$4>=$M10,$AI$4<=$N10)),1,AND(OR($AI$4<$M10,$AI$4>$N10)),0) -> 0 | AJ10: =_xlfn.IFS(AND(AND($AJ$4>=$H10,$AJ$4<=$O10)),2,AND(AND($AJ$4>=$M10,$AJ$4<=$N10)),1,AND(OR($AJ$4<$M10,$AJ$4>$N10)),0) -> 0 | AK10: =_xlfn.IFS(AND(AND($AK$4>=$H10,$AK$4<=$O10)),2,AND(AND($AK$4>=$M10,$AK$4<=$N10)),1,AND(OR($AK$4<$M10,$AK$4>$N10)),0) -> 0 | AL10: =_xlfn.IFS(AND(AND($AL$4>=$H10,$AL$4<=$O10)),2,AND(AND($AL$4>=$M10,$AL$4<=$N10)),1,AND(OR($AL$4<$M10,$AL$4>$N10)),0) -> 0 | AM10: =_xlfn.IFS(AND(AND($AM$4>=$H10,$AM$4<=$O10)),2,AND(AND($AM$4>=$M10,$AM$4<=$N10)),1,AND(OR($AM$4<$M10,$AM$4>$N10)),0) -> 0 | AN10: =_xlfn.IFS(AND(AND($AN$4>=$H10,$AN$4<=$O10)),2,AND(AND($AN$4>=$M10,$AN$4<=$N10)),1,AND(OR($AN$4<$M10,$AN$4>$N10)),0) -> 0 | AO10: =_xlfn.IFS(AND(AND($AO$4>=$H10,$AO$4<=$O10)),2,AND(AND($AO$4>=$M10,$AO$4<=$N10)),1,AND(OR($AO$4<$M10,$AO$4>$N10)),0) -> 0 | AQ10: 1 | AR10: OCN_06 | BU10: =#REF! -> #REF!
B11: 7 | C11: 1 | D11: OCEAN | E11: OCN_07 | F11: Enhance ocean fertilization | H11: _ | I11: 0.01 | J11: 1 | M11: =H11 -> _ | N11: ='Project types'!$W$6 -> 2050 | O11: =IF(G11=1,(H11-1)+'Project types'!N12,IF(G11=2,H11-1,9999)) -> 9999 | P11: =_xlfn.IFS(AND(AND($P$4>=$H11,$P$4<=$O11)),2,AND(AND($P$4>=$M11,$P$4<=$N11)),1,AND(OR($P$4<$M11,$P$4>$N11)),0) -> 0 | Q11: =_xlfn.IFS(AND(AND($Q$4>=$H11,$Q$4<=$O11)),2,AND(AND($Q$4>=$M11,$Q$4<=$N11)),1,AND(OR($Q$4<$M11,$Q$4>$N11)),0) -> 0 | R11: =_xlfn.IFS(AND(AND($R$4>=$H11,$R$4<=$O11)),2,AND(AND($R$4>=$M11,$R$4<=$N11)),1,AND(OR($R$4<$M11,$R$4>$N11)),0) -> 0 | S11: =_xlfn.IFS(AND(AND($S$4>=$H11,$S$4<=$O11)),2,AND(AND($S$4>=$M11,$S$4<=$N11)),1,AND(OR($S$4<$M11,$S$4>$N11)),0) -> 0 | T11: =_xlfn.IFS(AND(AND($T$4>=$H11,$T$4<=$O11)),2,AND(AND($T$4>=$M11,$T$4<=$N11)),1,AND(OR($T$4<$M11,$T$4>$N11)),0) -> 0 | U11: =_xlfn.IFS(AND(AND($U$4>=$H11,$U$4<=$O11)),2,AND(AND($U$4>=$M11,$U$4<=$N11)),1,AND(OR($U$4<$M11,$U$4>$N11)),0) -> 0 | V11: =_xlfn.IFS(AND(AND($V$4>=$H11,$V$4<=$O11)),2,AND(AND($V$4>=$M11,$V$4<=$N11)),1,AND(OR($V$4<$M11,$V$4>$N11)),0) -> 0 | W11: =_xlfn.IFS(AND(AND($W$4>=$H11,$W$4<=$O11)),2,AND(AND($W$4>=$M11,$W$4<=$N11)),1,AND(OR($W$4<$M11,$W$4>$N11)),0) -> 0 | X11: =_xlfn.IFS(AND(AND($X$4>=$H11,$X$4<=$O11)),2,AND(AND($X$4>=$M11,$X$4<=$N11)),1,AND(OR($X$4<$M11,$X$4>$N11)),0) -> 0 | Y11: =_xlfn.IFS(AND(AND($Y$4>=$H11,$Y$4<=$O11)),2,AND(AND($Y$4>=$M11,$Y$4<=$N11)),1,AND(OR($Y$4<$M11,$Y$4>$N11)),0) -> 0 | Z11: =_xlfn.IFS(AND(AND($Z$4>=$H11,$Z$4<=$O11)),2,AND(AND($Z$4>=$M11,$Z$4<=$N11)),1,AND(OR($Z$4<$M11,$Z$4>$N11)),0) -> 0 | AA11: =_xlfn.IFS(AND(AND($AA$4>=$H11,$AA$4<=$O11)),2,AND(AND($AA$4>=$M11,$AA$4<=$N11)),1,AND(OR($AA$4<$M11,$AA$4>$N11)),0) -> 0 | AB11: =_xlfn.IFS(AND(AND($AB$4>=$H11,$AB$4<=$O11)),2,AND(AND($AB$4>=$M11,$AB$4<=$N11)),1,AND(OR($AB$4<$M11,$AB$4>$N11)),0) -> 0 | AC11: =_xlfn.IFS(AND(AND($AC$4>=$H11,$AC$4<=$O11)),2,AND(AND($AC$4>=$M11,$AC$4<=$N11)),1,AND(OR($AC$4<$M11,$AC$4>$N11)),0) -> 0 | AD11: =_xlfn.IFS(AND(AND($AD$4>=$H11,$AD$4<=$O11)),2,AND(AND($AD$4>=$M11,$AD$4<=$N11)),1,AND(OR($AD$4<$M11,$AD$4>$N11)),0) -> 0 | AE11: =_xlfn.IFS(AND(AND($AE$4>=$H11,$AE$4<=$O11)),2,AND(AND($AE$4>=$M11,$AE$4<=$N11)),1,AND(OR($AE$4<$M11,$AE$4>$N11)),0) -> 0 | AF11: =_xlfn.IFS(AND(AND($AF$4>=$H11,$AF$4<=$O11)),2,AND(AND($AF$4>=$M11,$AF$4<=$N11)),1,AND(OR($AF$4<$M11,$AF$4>$N11)),0) -> 0 | AG11: =_xlfn.IFS(AND(AND($AG$4>=$H11,$AG$4<=$O11)),2,AND(AND($AG$4>=$M11,$AG$4<=$N11)),1,AND(OR($AG$4<$M11,$AG$4>$N11)),0) -> 0 | AH11: =_xlfn.IFS(AND(AND($AH$4>=$H11,$AH$4<=$O11)),2,AND(AND($AH$4>=$M11,$AH$4<=$N11)),1,AND(OR($AH$4<$M11,$AH$4>$N11)),0) -> 0 | AI11: =_xlfn.IFS(AND(AND($AI$4>=$H11,$AI$4<=$O11)),2,AND(AND($AI$4>=$M11,$AI$4<=$N11)),1,AND(OR($AI$4<$M11,$AI$4>$N11)),0) -> 0 | AJ11: =_xlfn.IFS(AND(AND($AJ$4>=$H11,$AJ$4<=$O11)),2,AND(AND($AJ$4>=$M11,$AJ$4<=$N11)),1,AND(OR($AJ$4<$M11,$AJ$4>$N11)),0) -> 0 | AK11: =_xlfn.IFS(AND(AND($AK$4>=$H11,$AK$4<=$O11)),2,AND(AND($AK$4>=$M11,$AK$4<=$N11)),1,AND(OR($AK$4<$M11,$AK$4>$N11)),0) -> 0 | AL11: =_xlfn.IFS(AND(AND($AL$4>=$H11,$AL$4<=$O11)),2,AND(AND($AL$4>=$M11,$AL$4<=$N11)),1,AND(OR($AL$4<$M11,$AL$4>$N11)),0) -> 0 | AM11: =_xlfn.IFS(AND(AND($AM$4>=$H11,$AM$4<=$O11)),2,AND(AND($AM$4>=$M11,$AM$4<=$N11)),1,AND(OR($AM$4<$M11,$AM$4>$N11)),0) -> 0 | AN11: =_xlfn.IFS(AND(AND($AN$4>=$H11,$AN$4<=$O11)),2,AND(AND($AN$4>=$M11,$AN$4<=$N11)),1,AND(OR($AN$4<$M11,$AN$4>$N11)),0) -> 0 | AO11: =_xlfn.IFS(AND(AND($AO$4>=$H11,$AO$4<=$O11)),2,AND(AND($AO$4>=$M11,$AO$4<=$N11)),1,AND(OR($AO$4<$M11,$AO$4>$N11)),0) -> 0 | AQ11: 1 | AR11: OCN_07 | BU11: =#REF! -> #REF!
B12: 8 | C12: 1 | D12: OCEAN | E12: OCN_08 | F12: Enhance repopulating overfished area | H12: _ | I12: 0.01 | J12: 1 | M12: =H12 -> _ | N12: ='Project types'!$W$6 -> 2050 | O12: =IF(G12=1,(H12-1)+'Project types'!N13,IF(G12=2,H12-1,9999)) -> 9999 | P12: =_xlfn.IFS(AND(AND($P$4>=$H12,$P$4<=$O12)),2,AND(AND($P$4>=$M12,$P$4<=$N12)),1,AND(OR($P$4<$M12,$P$4>$N12)),0) -> 0 | Q12: =_xlfn.IFS(AND(AND($Q$4>=$H12,$Q$4<=$O12)),2,AND(AND($Q$4>=$M12,$Q$4<=$N12)),1,AND(OR($Q$4<$M12,$Q$4>$N12)),0) -> 0 | R12: =_xlfn.IFS(AND(AND($R$4>=$H12,$R$4<=$O12)),2,AND(AND($R$4>=$M12,$R$4<=$N12)),1,AND(OR($R$4<$M12,$R$4>$N12)),0) -> 0 | S12: =_xlfn.IFS(AND(AND($S$4>=$H12,$S$4<=$O12)),2,AND(AND($S$4>=$M12,$S$4<=$N12)),1,AND(OR($S$4<$M12,$S$4>$N12)),0) -> 0 | T12: =_xlfn.IFS(AND(AND($T$4>=$H12,$T$4<=$O12)),2,AND(AND($T$4>=$M12,$T$4<=$N12)),1,AND(OR($T$4<$M12,$T$4>$N12)),0) -> 0 | U12: =_xlfn.IFS(AND(AND($U$4>=$H12,$U$4<=$O12)),2,AND(AND($U$4>=$M12,$U$4<=$N12)),1,AND(OR($U$4<$M12,$U$4>$N12)),0) -> 0 | V12: =_xlfn.IFS(AND(AND($V$4>=$H12,$V$4<=$O12)),2,AND(AND($V$4>=$M12,$V$4<=$N12)),1,AND(OR($V$4<$M12,$V$4>$N12)),0) -> 0 | W12: =_xlfn.IFS(AND(AND($W$4>=$H12,$W$4<=$O12)),2,AND(AND($W$4>=$M12,$W$4<=$N12)),1,AND(OR($W$4<$M12,$W$4>$N12)),0) -> 0 | X12: =_xlfn.IFS(AND(AND($X$4>=$H12,$X$4<=$O12)),2,AND(AND($X$4>=$M12,$X$4<=$N12)),1,AND(OR($X$4<$M12,$X$4>$N12)),0) -> 0 | Y12: =_xlfn.IFS(AND(AND($Y$4>=$H12,$Y$4<=$O12)),2,AND(AND($Y$4>=$M12,$Y$4<=$N12)),1,AND(OR($Y$4<$M12,$Y$4>$N12)),0) -> 0 | Z12: =_xlfn.IFS(AND(AND($Z$4>=$H12,$Z$4<=$O12)),2,AND(AND($Z$4>=$M12,$Z$4<=$N12)),1,AND(OR($Z$4<$M12,$Z$4>$N12)),0) -> 0 | AA12: =_xlfn.IFS(AND(AND($AA$4>=$H12,$AA$4<=$O12)),2,AND(AND($AA$4>=$M12,$AA$4<=$N12)),1,AND(OR($AA$4<$M12,$AA$4>$N12)),0) -> 0 | AB12: =_xlfn.IFS(AND(AND($AB$4>=$H12,$AB$4<=$O12)),2,AND(AND($AB$4>=$M12,$AB$4<=$N12)),1,AND(OR($AB$4<$M12,$AB$4>$N12)),0) -> 0 | AC12: =_xlfn.IFS(AND(AND($AC$4>=$H12,$AC$4<=$O12)),2,AND(AND($AC$4>=$M12,$AC$4<=$N12)),1,AND(OR($AC$4<$M12,$AC$4>$N12)),0) -> 0 | AD12: =_xlfn.IFS(AND(AND($AD$4>=$H12,$AD$4<=$O12)),2,AND(AND($AD$4>=$M12,$AD$4<=$N12)),1,AND(OR($AD$4<$M12,$AD$4>$N12)),0) -> 0 | AE12: =_xlfn.IFS(AND(AND($AE$4>=$H12,$AE$4<=$O12)),2,AND(AND($AE$4>=$M12,$AE$4<=$N12)),1,AND(OR($AE$4<$M12,$AE$4>$N12)),0) -> 0 | AF12: =_xlfn.IFS(AND(AND($AF$4>=$H12,$AF$4<=$O12)),2,AND(AND($AF$4>=$M12,$AF$4<=$N12)),1,AND(OR($AF$4<$M12,$AF$4>$N12)),0) -> 0 | AG12: =_xlfn.IFS(AND(AND($AG$4>=$H12,$AG$4<=$O12)),2,AND(AND($AG$4>=$M12,$AG$4<=$N12)),1,AND(OR($AG$4<$M12,$AG$4>$N12)),0) -> 0 | AH12: =_xlfn.IFS(AND(AND($AH$4>=$H12,$AH$4<=$O12)),2,AND(AND($AH$4>=$M12,$AH$4<=$N12)),1,AND(OR($AH$4<$M12,$AH$4>$N12)),0) -> 0 | AI12: =_xlfn.IFS(AND(AND($AI$4>=$H12,$AI$4<=$O12)),2,AND(AND($AI$4>=$M12,$AI$4<=$N12)),1,AND(OR($AI$4<$M12,$AI$4>$N12)),0) -> 0 | AJ12: =_xlfn.IFS(AND(AND($AJ$4>=$H12,$AJ$4<=$O12)),2,AND(AND($AJ$4>=$M12,$AJ$4<=$N12)),1,AND(OR($AJ$4<$M12,$AJ$4>$N12)),0) -> 0 | AK12: =_xlfn.IFS(AND(AND($AK$4>=$H12,$AK$4<=$O12)),2,AND(AND($AK$4>=$M12,$AK$4<=$N12)),1,AND(OR($AK$4<$M12,$AK$4>$N12)),0) -> 0 | AL12: =_xlfn.IFS(AND(AND($AL$4>=$H12,$AL$4<=$O12)),2,AND(AND($AL$4>=$M12,$AL$4<=$N12)),1,AND(OR($AL$4<$M12,$AL$4>$N12)),0) -> 0 | AM12: =_xlfn.IFS(AND(AND($AM$4>=$H12,$AM$4<=$O12)),2,AND(AND($AM$4>=$M12,$AM$4<=$N12)),1,AND(OR($AM$4<$M12,$AM$4>$N12)),0) -> 0 | AN12: =_xlfn.IFS(AND(AND($AN$4>=$H12,$AN$4<=$O12)),2,AND(AND($AN$4>=$M12,$AN$4<=$N12)),1,AND(OR($AN$4<$M12,$AN$4>$N12)),0) -> 0 | AO12: =_xlfn.IFS(AND(AND($AO$4>=$H12,$AO$4<=$O12)),2,AND(AND($AO$4>=$M12,$AO$4<=$N12)),1,AND(OR($AO$4<$M12,$AO$4>$N12)),0) -> 0 | AQ12: 1 | AR12: OCN_08 | BU12: =#REF! -> #REF!
B13: 9 | C13: 1 | D13: OCEAN | E13: OCN_09 | F13: Enhance sustainable aquaculture management | H13: _ | I13: 0.01 | J13: 1 | M13: =H13 -> _ | N13: ='Project types'!$W$6 -> 2050 | O13: =IF(G13=1,(H13-1)+'Project types'!N14,IF(G13=2,H13-1,9999)) -> 9999 | P13: =_xlfn.IFS(AND(AND($P$4>=$H13,$P$4<=$O13)),2,AND(AND($P$4>=$M13,$P$4<=$N13)),1,AND(OR($P$4<$M13,$P$4>$N13)),0) -> 0 | Q13: =_xlfn.IFS(AND(AND($Q$4>=$H13,$Q$4<=$O13)),2,AND(AND($Q$4>=$M13,$Q$4<=$N13)),1,AND(OR($Q$4<$M13,$Q$4>$N13)),0) -> 0 | R13: =_xlfn.IFS(AND(AND($R$4>=$H13,$R$4<=$O13)),2,AND(AND($R$4>=$M13,$R$4<=$N13)),1,AND(OR($R$4<$M13,$R$4>$N13)),0) -> 0 | S13: =_xlfn.IFS(AND(AND($S$4>=$H13,$S$4<=$O13)),2,AND(AND($S$4>=$M13,$S$4<=$N13)),1,AND(OR($S$4<$M13,$S$4>$N13)),0) -> 0 | T13: =_xlfn.IFS(AND(AND($T$4>=$H13,$T$4<=$O13)),2,AND(AND($T$4>=$M13,$T$4<=$N13)),1,AND(OR($T$4<$M13,$T$4>$N13)),0) -> 0 | U13: =_xlfn.IFS(AND(AND($U$4>=$H13,$U$4<=$O13)),2,AND(AND($U$4>=$M13,$U$4<=$N13)),1,AND(OR($U$4<$M13,$U$4>$N13)),0) -> 0 | V13: =_xlfn.IFS(AND(AND($V$4>=$H13,$V$4<=$O13)),2,AND(AND($V$4>=$M13,$V$4<=$N13)),1,AND(OR($V$4<$M13,$V$4>$N13)),0) -> 0 | W13: =_xlfn.IFS(AND(AND($W$4>=$H13,$W$4<=$O13)),2,AND(AND($W$4>=$M13,$W$4<=$N13)),1,AND(OR($W$4<$M13,$W$4>$N13)),0) -> 0 | X13: =_xlfn.IFS(AND(AND($X$4>=$H13,$X$4<=$O13)),2,AND(AND($X$4>=$M13,$X$4<=$N13)),1,AND(OR($X$4<$M13,$X$4>$N13)),0) -> 0 | Y13: =_xlfn.IFS(AND(AND($Y$4>=$H13,$Y$4<=$O13)),2,AND(AND($Y$4>=$M13,$Y$4<=$N13)),1,AND(OR($Y$4<$M13,$Y$4>$N13)),0) -> 0 | Z13: =_xlfn.IFS(AND(AND($Z$4>=$H13,$Z$4<=$O13)),2,AND(AND($Z$4>=$M13,$Z$4<=$N13)),1,AND(OR($Z$4<$M13,$Z$4>$N13)),0) -> 0 | AA13: =_xlfn.IFS(AND(AND($AA$4>=$H13,$AA$4<=$O13)),2,AND(AND($AA$4>=$M13,$AA$4<=$N13)),1,AND(OR($AA$4<$M13,$AA$4>$N13)),0) -> 0 | AB13: =_xlfn.IFS(AND(AND($AB$4>=$H13,$AB$4<=$O13)),2,AND(AND($AB$4>=$M13,$AB$4<=$N13)),1,AND(OR($AB$4<$M13,$AB$4>$N13)),0) -> 0 | AC13: =_xlfn.IFS(AND(AND($AC$4>=$H13,$AC$4<=$O13)),2,AND(AND($AC$4>=$M13,$AC$4<=$N13)),1,AND(OR($AC$4<$M13,$AC$4>$N13)),0) -> 0 | AD13: =_xlfn.IFS(AND(AND($AD$4>=$H13,$AD$4<=$O13)),2,AND(AND($AD$4>=$M13,$AD$4<=$N13)),1,AND(OR($AD$4<$M13,$AD$4>$N13)),0) -> 0 | AE13: =_xlfn.IFS(AND(AND($AE$4>=$H13,$AE$4<=$O13)),2,AND(AND($AE$4>=$M13,$AE$4<=$N13)),1,AND(OR($AE$4<$M13,$AE$4>$N13)),0) -> 0 | AF13: =_xlfn.IFS(AND(AND($AF$4>=$H13,$AF$4<=$O13)),2,AND(AND($AF$4>=$M13,$AF$4<=$N13)),1,AND(OR($AF$4<$M13,$AF$4>$N13)),0) -> 0 | AG13: =_xlfn.IFS(AND(AND($AG$4>=$H13,$AG$4<=$O13)),2,AND(AND($AG$4>=$M13,$AG$4<=$N13)),1,AND(OR($AG$4<$M13,$AG$4>$N13)),0) -> 0 | AH13: =_xlfn.IFS(AND(AND($AH$4>=$H13,$AH$4<=$O13)),2,AND(AND($AH$4>=$M13,$AH$4<=$N13)),1,AND(OR($AH$4<$M13,$AH$4>$N13)),0) -> 0 | AI13: =_xlfn.IFS(AND(AND($AI$4>=$H13,$AI$4<=$O13)),2,AND(AND($AI$4>=$M13,$AI$4<=$N13)),1,AND(OR($AI$4<$M13,$AI$4>$N13)),0) -> 0 | AJ13: =_xlfn.IFS(AND(AND($AJ$4>=$H13,$AJ$4<=$O13)),2,AND(AND($AJ$4>=$M13,$AJ$4<=$N13)),1,AND(OR($AJ$4<$M13,$AJ$4>$N13)),0) -> 0 | AK13: =_xlfn.IFS(AND(AND($AK$4>=$H13,$AK$4<=$O13)),2,AND(AND($AK$4>=$M13,$AK$4<=$N13)),1,AND(OR($AK$4<$M13,$AK$4>$N13)),0) -> 0 | AL13: =_xlfn.IFS(AND(AND($AL$4>=$H13,$AL$4<=$O13)),2,AND(AND($AL$4>=$M13,$AL$4<=$N13)),1,AND(OR($AL$4<$M13,$AL$4>$N13)),0) -> 0 | AM13: =_xlfn.IFS(AND(AND($AM$4>=$H13,$AM$4<=$O13)),2,AND(AND($AM$4>=$M13,$AM$4<=$N13)),1,AND(OR($AM$4<$M13,$AM$4>$N13)),0) -> 0 | AN13: =_xlfn.IFS(AND(AND($AN$4>=$H13,$AN$4<=$O13)),2,AND(AND($AN$4>=$M13,$AN$4<=$N13)),1,AND(OR($AN$4<$M13,$AN$4>$N13)),0) -> 0 | AO13: =_xlfn.IFS(AND(AND($AO$4>=$H13,$AO$4<=$O13)),2,AND(AND($AO$4>=$M13,$AO$4<=$N13)),1,AND(OR($AO$4<$M13,$AO$4>$N13)),0) -> 0 | AQ13: 1 | AR13: OCN_09 | BU13: =#REF! -> #REF!
B14: 10 | C14: 1 | D14: OCEAN | E14: OCN_10 | F14: Eliminate shipping pollution | H14: _ | I14: 1 | J14: 1 | M14: =H14 -> _ | N14: ='Project types'!$W$6 -> 2050 | O14: =IF(G14=1,(H14-1)+'Project types'!N15,IF(G14=2,H14-1,9999)) -> 9999 | P14: =_xlfn.IFS(AND(AND($P$4>=$H14,$P$4<=$O14)),2,AND(AND($P$4>=$M14,$P$4<=$N14)),1,AND(OR($P$4<$M14,$P$4>$N14)),0) -> 0 | Q14: =_xlfn.IFS(AND(AND($Q$4>=$H14,$Q$4<=$O14)),2,AND(AND($Q$4>=$M14,$Q$4<=$N14)),1,AND(OR($Q$4<$M14,$Q$4>$N14)),0) -> 0 | R14: =_xlfn.IFS(AND(AND($R$4>=$H14,$R$4<=$O14)),2,AND(AND($R$4>=$M14,$R$4<=$N14)),1,AND(OR($R$4<$M14,$R$4>$N14)),0) -> 0 | S14: =_xlfn.IFS(AND(AND($S$4>=$H14,$S$4<=$O14)),2,AND(AND($S$4>=$M14,$S$4<=$N14)),1,AND(OR($S$4<$M14,$S$4>$N14)),0) -> 0 | T14: =_xlfn.IFS(AND(AND($T$4>=$H14,$T$4<=$O14)),2,AND(AND($T$4>=$M14,$T$4<=$N14)),1,AND(OR($T$4<$M14,$T$4>$N14)),0) -> 0 | U14: =_xlfn.IFS(AND(AND($U$4>=$H14,$U$4<=$O14)),2,AND(AND($U$4>=$M14,$U$4<=$N14)),1,AND(OR($U$4<$M14,$U$4>$N14)),0) -> 0 | V14: =_xlfn.IFS(AND(AND($V$4>=$H14,$V$4<=$O14)),2,AND(AND($V$4>=$M14,$V$4<=$N14)),1,AND(OR($V$4<$M14,$V$4>$N14)),0) -> 0 | W14: =_xlfn.IFS(AND(AND($W$4>=$H14,$W$4<=$O14)),2,AND(AND($W$4>=$M14,$W$4<=$N14)),1,AND(OR($W$4<$M14,$W$4>$N14)),0) -> 0 | X14: =_xlfn.IFS(AND(AND($X$4>=$H14,$X$4<=$O14)),2,AND(AND($X$4>=$M14,$X$4<=$N14)),1,AND(OR($X$4<$M14,$X$4>$N14)),0) -> 0 | Y14: =_xlfn.IFS(AND(AND($Y$4>=$H14,$Y$4<=$O14)),2,AND(AND($Y$4>=$M14,$Y$4<=$N14)),1,AND(OR($Y$4<$M14,$Y$4>$N14)),0) -> 0 | Z14: =_xlfn.IFS(AND(AND($Z$4>=$H14,$Z$4<=$O14)),2,AND(AND($Z$4>=$M14,$Z$4<=$N14)),1,AND(OR($Z$4<$M14,$Z$4>$N14)),0) -> 0 | AA14: =_xlfn.IFS(AND(AND($AA$4>=$H14,$AA$4<=$O14)),2,AND(AND($AA$4>=$M14,$AA$4<=$N14)),1,AND(OR($AA$4<$M14,$AA$4>$N14)),0) -> 0 | AB14: =_xlfn.IFS(AND(AND($AB$4>=$H14,$AB$4<=$O14)),2,AND(AND($AB$4>=$M14,$AB$4<=$N14)),1,AND(OR($AB$4<$M14,$AB$4>$N14)),0) -> 0 | AC14: =_xlfn.IFS(AND(AND($AC$4>=$H14,$AC$4<=$O14)),2,AND(AND($AC$4>=$M14,$AC$4<=$N14)),1,AND(OR($AC$4<$M14,$AC$4>$N14)),0) -> 0 | AD14: =_xlfn.IFS(AND(AND($AD$4>=$H14,$AD$4<=$O14)),2,AND(AND($AD$4>=$M14,$AD$4<=$N14)),1,AND(OR($AD$4<$M14,$AD$4>$N14)),0) -> 0 | AE14: =_xlfn.IFS(AND(AND($AE$4>=$H14,$AE$4<=$O14)),2,AND(AND($AE$4>=$M14,$AE$4<=$N14)),1,AND(OR($AE$4<$M14,$AE$4>$N14)),0) -> 0 | AF14: =_xlfn.IFS(AND(AND($AF$4>=$H14,$AF$4<=$O14)),2,AND(AND($AF$4>=$M14,$AF$4<=$N14)),1,AND(OR($AF$4<$M14,$AF$4>$N14)),0) -> 0 | AG14: =_xlfn.IFS(AND(AND($AG$4>=$H14,$AG$4<=$O14)),2,AND(AND($AG$4>=$M14,$AG$4<=$N14)),1,AND(OR($AG$4<$M14,$AG$4>$N14)),0) -> 0 | AH14: =_xlfn.IFS(AND(AND($AH$4>=$H14,$AH$4<=$O14)),2,AND(AND($AH$4>=$M14,$AH$4<=$N14)),1,AND(OR($AH$4<$M14,$AH$4>$N14)),0) -> 0 | AI14: =_xlfn.IFS(AND(AND($AI$4>=$H14,$AI$4<=$O14)),2,AND(AND($AI$4>=$M14,$AI$4<=$N14)),1,AND(OR($AI$4<$M14,$AI$4>$N14)),0) -> 0 | AJ14: =_xlfn.IFS(AND(AND($AJ$4>=$H14,$AJ$4<=$O14)),2,AND(AND($AJ$4>=$M14,$AJ$4<=$N14)),1,AND(OR($AJ$4<$M14,$AJ$4>$N14)),0) -> 0 | AK14: =_xlfn.IFS(AND(AND($AK$4>=$H14,$AK$4<=$O14)),2,AND(AND($AK$4>=$M14,$AK$4<=$N14)),1,AND(OR($AK$4<$M14,$AK$4>$N14)),0) -> 0 | AL14: =_xlfn.IFS(AND(AND($AL$4>=$H14,$AL$4<=$O14)),2,AND(AND($AL$4>=$M14,$AL$4<=$N14)),1,AND(OR($AL$4<$M14,$AL$4>$N14)),0) -> 0 | AM14: =_xlfn.IFS(AND(AND($AM$4>=$H14,$AM$4<=$O14)),2,AND(AND($AM$4>=$M14,$AM$4<=$N14)),1,AND(OR($AM$4<$M14,$AM$4>$N14)),0) -> 0 | AN14: =_xlfn.IFS(AND(AND($AN$4>=$H14,$AN$4<=$O14)),2,AND(AND($AN$4>=$M14,$AN$4<=$N14)),1,AND(OR($AN$4<$M14,$AN$4>$N14)),0) -> 0 | AO14: =_xlfn.IFS(AND(AND($AO$4>=$H14,$AO$4<=$O14)),2,AND(AND($AO$4>=$M14,$AO$4<=$N14)),1,AND(OR($AO$4<$M14,$AO$4>$N14)),0) -> 0 | AQ14: 1 | AR14: OCN_10 | BU14: =#REF! -> #REF!
B15: 11 | C15: 1 | D15: OCEAN | E15: OCN_11 | F15: Limit bottom trawling | H15: _ | I15: 1 | J15: 1 | M15: =H15 -> _ | N15: ='Project types'!$W$6 -> 2050 | O15: =IF(G15=1,(H15-1)+'Project types'!N16,IF(G15=2,H15-1,9999)) -> 9999 | P15: =_xlfn.IFS(AND(AND($P$4>=$H15,$P$4<=$O15)),2,AND(AND($P$4>=$M15,$P$4<=$N15)),1,AND(OR($P$4<$M15,$P$4>$N15)),0) -> 0 | Q15: =_xlfn.IFS(AND(AND($Q$4>=$H15,$Q$4<=$O15)),2,AND(AND($Q$4>=$M15,$Q$4<=$N15)),1,AND(OR($Q$4<$M15,$Q$4>$N15)),0) -> 0 | R15: =_xlfn.IFS(AND(AND($R$4>=$H15,$R$4<=$O15)),2,AND(AND($R$4>=$M15,$R$4<=$N15)),1,AND(OR($R$4<$M15,$R$4>$N15)),0) -> 0 | S15: =_xlfn.IFS(AND(AND($S$4>=$H15,$S$4<=$O15)),2,AND(AND($S$4>=$M15,$S$4<=$N15)),1,AND(OR($S$4<$M15,$S$4>$N15)),0) -> 0 | T15: =_xlfn.IFS(AND(AND($T$4>=$H15,$T$4<=$O15)),2,AND(AND($T$4>=$M15,$T$4<=$N15)),1,AND(OR($T$4<$M15,$T$4>$N15)),0) -> 0 | U15: =_xlfn.IFS(AND(AND($U$4>=$H15,$U$4<=$O15)),2,AND(AND($U$4>=$M15,$U$4<=$N15)),1,AND(OR($U$4<$M15,$U$4>$N15)),0) -> 0 | V15: =_xlfn.IFS(AND(AND($V$4>=$H15,$V$4<=$O15)),2,AND(AND($V$4>=$M15,$V$4<=$N15)),1,AND(OR($V$4<$M15,$V$4>$N15)),0) -> 0 | W15: =_xlfn.IFS(AND(AND($W$4>=$H15,$W$4<=$O15)),2,AND(AND($W$4>=$M15,$W$4<=$N15)),1,AND(OR($W$4<$M15,$W$4>$N15)),0) -> 0 | X15: =_xlfn.IFS(AND(AND($X$4>=$H15,$X$4<=$O15)),2,AND(AND($X$4>=$M15,$X$4<=$N15)),1,AND(OR($X$4<$M15,$X$4>$N15)),0) -> 0 | Y15: =_xlfn.IFS(AND(AND($Y$4>=$H15,$Y$4<=$O15)),2,AND(AND($Y$4>=$M15,$Y$4<=$N15)),1,AND(OR($Y$4<$M15,$Y$4>$N15)),0) -> 0 | Z15: =_xlfn.IFS(AND(AND($Z$4>=$H15,$Z$4<=$O15)),2,AND(AND($Z$4>=$M15,$Z$4<=$N15)),1,AND(OR($Z$4<$M15,$Z$4>$N15)),0) -> 0 | AA15: =_xlfn.IFS(AND(AND($AA$4>=$H15,$AA$4<=$O15)),2,AND(AND($AA$4>=$M15,$AA$4<=$N15)),1,AND(OR($AA$4<$M15,$AA$4>$N15)),0) -> 0 | AB15: =_xlfn.IFS(AND(AND($AB$4>=$H15,$AB$4<=$O15)),2,AND(AND($AB$4>=$M15,$AB$4<=$N15)),1,AND(OR($AB$4<$M15,$AB$4>$N15)),0) -> 0 | AC15: =_xlfn.IFS(AND(AND($AC$4>=$H15,$AC$4<=$O15)),2,AND(AND($AC$4>=$M15,$AC$4<=$N15)),1,AND(OR($AC$4<$M15,$AC$4>$N15)),0) -> 0 | AD15: =_xlfn.IFS(AND(AND($AD$4>=$H15,$AD$4<=$O15)),2,AND(AND($AD$4>=$M15,$AD$4<=$N15)),1,AND(OR($AD$4<$M15,$AD$4>$N15)),0) -> 0 | AE15: =_xlfn.IFS(AND(AND($AE$4>=$H15,$AE$4<=$O15)),2,AND(AND($AE$4>=$M15,$AE$4<=$N15)),1,AND(OR($AE$4<$M15,$AE$4>$N15)),0) -> 0 | AF15: =_xlfn.IFS(AND(AND($AF$4>=$H15,$AF$4<=$O15)),2,AND(AND($AF$4>=$M15,$AF$4<=$N15)),1,AND(OR($AF$4<$M15,$AF$4>$N15)),0) -> 0 | AG15: =_xlfn.IFS(AND(AND($AG$4>=$H15,$AG$4<=$O15)),2,AND(AND($AG$4>=$M15,$AG$4<=$N15)),1,AND(OR($AG$4<$M15,$AG$4>$N15)),0) -> 0 | AH15: =_xlfn.IFS(AND(AND($AH$4>=$H15,$AH$4<=$O15)),2,AND(AND($AH$4>=$M15,$AH$4<=$N15)),1,AND(OR($AH$4<$M15,$AH$4>$N15)),0) -> 0 | AI15: =_xlfn.IFS(AND(AND($AI$4>=$H15,$AI$4<=$O15)),2,AND(AND($AI$4>=$M15,$AI$4<=$N15)),1,AND(OR($AI$4<$M15,$AI$4>$N15)),0) -> 0 | AJ15: =_xlfn.IFS(AND(AND($AJ$4>=$H15,$AJ$4<=$O15)),2,AND(AND($AJ$4>=$M15,$AJ$4<=$N15)),1,AND(OR($AJ$4<$M15,$AJ$4>$N15)),0) -> 0 | AK15: =_xlfn.IFS(AND(AND($AK$4>=$H15,$AK$4<=$O15)),2,AND(AND($AK$4>=$M15,$AK$4<=$N15)),1,AND(OR($AK$4<$M15,$AK$4>$N15)),0) -> 0 | AL15: =_xlfn.IFS(AND(AND($AL$4>=$H15,$AL$4<=$O15)),2,AND(AND($AL$4>=$M15,$AL$4<=$N15)),1,AND(OR($AL$4<$M15,$AL$4>$N15)),0) -> 0 | AM15: =_xlfn.IFS(AND(AND($AM$4>=$H15,$AM$4<=$O15)),2,AND(AND($AM$4>=$M15,$AM$4<=$N15)),1,AND(OR($AM$4<$M15,$AM$4>$N15)),0) -> 0 | AN15: =_xlfn.IFS(AND(AND($AN$4>=$H15,$AN$4<=$O15)),2,AND(AND($AN$4>=$M15,$AN$4<=$N15)),1,AND(OR($AN$4<$M15,$AN$4>$N15)),0) -> 0 | AO15: =_xlfn.IFS(AND(AND($AO$4>=$H15,$AO$4<=$O15)),2,AND(AND($AO$4>=$M15,$AO$4<=$N15)),1,AND(OR($AO$4<$M15,$AO$4>$N15)),0) -> 0 | AQ15: 1 | AR15: OCN_11 | BU15: =#REF! -> #REF!
B16: 12 | C16: 1 | D16: OCEAN | E16: OCN_12 | F16: Adopt carbon taxation for emissions, benefits for sequestration | H16: _ | I16: 0.01 | J16: 1 | M16: =H16 -> _ | N16: ='Project types'!$W$6 -> 2050 | O16: =IF(G16=1,(H16-1)+'Project types'!N17,IF(G16=2,H16-1,9999)) -> 9999 | P16: =_xlfn.IFS(AND(AND($P$4>=$H16,$P$4<=$O16)),2,AND(AND($P$4>=$M16,$P$4<=$N16)),1,AND(OR($P$4<$M16,$P$4>$N16)),0) -> 0 | Q16: =_xlfn.IFS(AND(AND($Q$4>=$H16,$Q$4<=$O16)),2,AND(AND($Q$4>=$M16,$Q$4<=$N16)),1,AND(OR($Q$4<$M16,$Q$4>$N16)),0) -> 0 | R16: =_xlfn.IFS(AND(AND($R$4>=$H16,$R$4<=$O16)),2,AND(AND($R$4>=$M16,$R$4<=$N16)),1,AND(OR($R$4<$M16,$R$4>$N16)),0) -> 0 | S16: =_xlfn.IFS(AND(AND($S$4>=$H16,$S$4<=$O16)),2,AND(AND($S$4>=$M16,$S$4<=$N16)),1,AND(OR($S$4<$M16,$S$4>$N16)),0) -> 0 | T16: =_xlfn.IFS(AND(AND($T$4>=$H16,$T$4<=$O16)),2,AND(AND($T$4>=$M16,$T$4<=$N16)),1,AND(OR($T$4<$M16,$T$4>$N16)),0) -> 0 | U16: =_xlfn.IFS(AND(AND($U$4>=$H16,$U$4<=$O16)),2,AND(AND($U$4>=$M16,$U$4<=$N16)),1,AND(OR($U$4<$M16,$U$4>$N16)),0) -> 0 | V16: =_xlfn.IFS(AND(AND($V$4>=$H16,$V$4<=$O16)),2,AND(AND($V$4>=$M16,$V$4<=$N16)),1,AND(OR($V$4<$M16,$V$4>$N16)),0) -> 0 | W16: =_xlfn.IFS(AND(AND($W$4>=$H16,$W$4<=$O16)),2,AND(AND($W$4>=$M16,$W$4<=$N16)),1,AND(OR($W$4<$M16,$W$4>$N16)),0) -> 0 | X16: =_xlfn.IFS(AND(AND($X$4>=$H16,$X$4<=$O16)),2,AND(AND($X$4>=$M16,$X$4<=$N16)),1,AND(OR($X$4<$M16,$X$4>$N16)),0) -> 0 | Y16: =_xlfn.IFS(AND(AND($Y$4>=$H16,$Y$4<=$O16)),2,AND(AND($Y$4>=$M16,$Y$4<=$N16)),1,AND(OR($Y$4<$M16,$Y$4>$N16)),0) -> 0 | Z16: =_xlfn.IFS(AND(AND($Z$4>=$H16,$Z$4<=$O16)),2,AND(AND($Z$4>=$M16,$Z$4<=$N16)),1,AND(OR($Z$4<$M16,$Z$4>$N16)),0) -> 0 | AA16: =_xlfn.IFS(AND(AND($AA$4>=$H16,$AA$4<=$O16)),2,AND(AND($AA$4>=$M16,$AA$4<=$N16)),1,AND(OR($AA$4<$M16,$AA$4>$N16)),0) -> 0 | AB16: =_xlfn.IFS(AND(AND($AB$4>=$H16,$AB$4<=$O16)),2,AND(AND($AB$4>=$M16,$AB$4<=$N16)),1,AND(OR($AB$4<$M16,$AB$4>$N16)),0) -> 0 | AC16: =_xlfn.IFS(AND(AND($AC$4>=$H16,$AC$4<=$O16)),2,AND(AND($AC$4>=$M16,$AC$4<=$N16)),1,AND(OR($AC$4<$M16,$AC$4>$N16)),0) -> 0 | AD16: =_xlfn.IFS(AND(AND($AD$4>=$H16,$AD$4<=$O16)),2,AND(AND($AD$4>=$M16,$AD$4<=$N16)),1,AND(OR($AD$4<$M16,$AD$4>$N16)),0) -> 0 | AE16: =_xlfn.IFS(AND(AND($AE$4>=$H16,$AE$4<=$O16)),2,AND(AND($AE$4>=$M16,$AE$4<=$N16)),1,AND(OR($AE$4<$M16,$AE$4>$N16)),0) -> 0 | AF16: =_xlfn.IFS(AND(AND($AF$4>=$H16,$AF$4<=$O16)),2,AND(AND($AF$4>=$M16,$AF$4<=$N16)),1,AND(OR($AF$4<$M16,$AF$4>$N16)),0) -> 0 | AG16: =_xlfn.IFS(AND(AND($AG$4>=$H16,$AG$4<=$O16)),2,AND(AND($AG$4>=$M16,$AG$4<=$N16)),1,AND(OR($AG$4<$M16,$AG$4>$N16)),0) -> 0 | AH16: =_xlfn.IFS(AND(AND($AH$4>=$H16,$AH$4<=$O16)),2,AND(AND($AH$4>=$M16,$AH$4<=$N16)),1,AND(OR($AH$4<$M16,$AH$4>$N16)),0) -> 0 | AI16: =_xlfn.IFS(AND(AND($AI$4>=$H16,$AI$4<=$O16)),2,AND(AND($AI$4>=$M16,$AI$4<=$N16)),1,AND(OR($AI$4<$M16,$AI$4>$N16)),0) -> 0 | AJ16: =_xlfn.IFS(AND(AND($AJ$4>=$H16,$AJ$4<=$O16)),2,AND(AND($AJ$4>=$M16,$AJ$4<=$N16)),1,AND(OR($AJ$4<$M16,$AJ$4>$N16)),0) -> 0 | AK16: =_xlfn.IFS(AND(AND($AK$4>=$H16,$AK$4<=$O16)),2,AND(AND($AK$4>=$M16,$AK$4<=$N16)),1,AND(OR($AK$4<$M16,$AK$4>$N16)),0) -> 0 | AL16: =_xlfn.IFS(AND(AND($AL$4>=$H16,$AL$4<=$O16)),2,AND(AND($AL$4>=$M16,$AL$4<=$N16)),1,AND(OR($AL$4<$M16,$AL$4>$N16)),0) -> 0 | AM16: =_xlfn.IFS(AND(AND($AM$4>=$H16,$AM$4<=$O16)),2,AND(AND($AM$4>=$M16,$AM$4<=$N16)),1,AND(OR($AM$4<$M16,$AM$4>$N16)),0) -> 0 | AN16: =_xlfn.IFS(AND(AND($AN$4>=$H16,$AN$4<=$O16)),2,AND(AND($AN$4>=$M16,$AN$4<=$N16)),1,AND(OR($AN$4<$M16,$AN$4>$N16)),0) -> 0 | AO16: =_xlfn.IFS(AND(AND($AO$4>=$H16,$AO$4<=$O16)),2,AND(AND($AO$4>=$M16,$AO$4<=$N16)),1,AND(OR($AO$4<$M16,$AO$4>$N16)),0) -> 0 | AQ16: 1 | AR16: OCN_12 | BU16: =#REF! -> #REF!
B17: 13 | C17: 2 | D17: WATER | E17: WAT_01 | F17: Enhance sustainable wetland conservation | H17: _ | I17: 1 | J17: 1 | M17: =H17 -> _ | N17: ='Project types'!$W$6 -> 2050 | O17: =IF(G17=1,(H17-1)+'Project types'!N18,IF(G17=2,H17-1,9999)) -> 9999 | P17: =_xlfn.IFS(AND(AND($P$4>=$H17,$P$4<=$O17)),4,AND(AND($P$4>=$M17,$P$4<=$N17)),3,AND(OR($P$4<$M17,$P$4>$N17)),0) -> 0 | Q17: =_xlfn.IFS(AND(AND($Q$4>=$H17,$Q$4<=$O17)),4,AND(AND($Q$4>=$M17,$Q$4<=$N17)),3,AND(OR($Q$4<$M17,$Q$4>$N17)),0) -> 0 | R17: =_xlfn.IFS(AND(AND($R$4>=$H17,$R$4<=$O17)),4,AND(AND($R$4>=$M17,$R$4<=$N17)),3,AND(OR($R$4<$M17,$R$4>$N17)),0) -> 0 | S17: =_xlfn.IFS(AND(AND($S$4>=$H17,$S$4<=$O17)),4,AND(AND($S$4>=$M17,$S$4<=$N17)),3,AND(OR($S$4<$M17,$S$4>$N17)),0) -> 0 | T17: =_xlfn.IFS(AND(AND($T$4>=$H17,$T$4<=$O17)),4,AND(AND($T$4>=$M17,$T$4<=$N17)),3,AND(OR($T$4<$M17,$T$4>$N17)),0) -> 0 | U17: =_xlfn.IFS(AND(AND($U$4>=$H17,$U$4<=$O17)),4,AND(AND($U$4>=$M17,$U$4<=$N17)),3,AND(OR($U$4<$M17,$U$4>$N17)),0) -> 0 | V17: =_xlfn.IFS(AND(AND($V$4>=$H17,$V$4<=$O17)),4,AND(AND($V$4>=$M17,$V$4<=$N17)),3,AND(OR($V$4<$M17,$V$4>$N17)),0) -> 0 | W17: =_xlfn.IFS(AND(AND($W$4>=$H17,$W$4<=$O17)),4,AND(AND($W$4>=$M17,$W$4<=$N17)),3,AND(OR($W$4<$M17,$W$4>$N17)),0) -> 0 | X17: =_xlfn.IFS(AND(AND($X$4>=$H17,$X$4<=$O17)),4,AND(AND($X$4>=$M17,$X$4<=$N17)),3,AND(OR($X$4<$M17,$X$4>$N17)),0) -> 0 | Y17: =_xlfn.IFS(AND(AND($Y$4>=$H17,$Y$4<=$O17)),4,AND(AND($Y$4>=$M17,$Y$4<=$N17)),3,AND(OR($Y$4<$M17,$Y$4>$N17)),0) -> 0 | Z17: =_xlfn.IFS(AND(AND($Z$4>=$H17,$Z$4<=$O17)),4,AND(AND($Z$4>=$M17,$Z$4<=$N17)),3,AND(OR($Z$4<$M17,$Z$4>$N17)),0) -> 0 | AA17: =_xlfn.IFS(AND(AND($AA$4>=$H17,$AA$4<=$O17)),4,AND(AND($AA$4>=$M17,$AA$4<=$N17)),3,AND(OR($AA$4<$M17,$AA$4>$N17)),0) -> 0 | AB17: =_xlfn.IFS(AND(AND($AB$4>=$H17,$AB$4<=$O17)),4,AND(AND($AB$4>=$M17,$AB$4<=$N17)),3,AND(OR($AB$4<$M17,$AB$4>$N17)),0) -> 0 | AC17: =_xlfn.IFS(AND(AND($AC$4>=$H17,$AC$4<=$O17)),4,AND(AND($AC$4>=$M17,$AC$4<=$N17)),3,AND(OR($AC$4<$M17,$AC$4>$N17)),0) -> 0 | AD17: =_xlfn.IFS(AND(AND($AD$4>=$H17,$AD$4<=$O17)),4,AND(AND($AD$4>=$M17,$AD$4<=$N17)),3,AND(OR($AD$4<$M17,$AD$4>$N17)),0) -> 0 | AE17: =_xlfn.IFS(AND(AND($AE$4>=$H17,$AE$4<=$O17)),4,AND(AND($AE$4>=$M17,$AE$4<=$N17)),3,AND(OR($AE$4<$M17,$AE$4>$N17)),0) -> 0 | AF17: =_xlfn.IFS(AND(AND($AF$4>=$H17,$AF$4<=$O17)),4,AND(AND($AF$4>=$M17,$AF$4<=$N17)),3,AND(OR($AF$4<$M17,$AF$4>$N17)),0) -> 0 | AG17: =_xlfn.IFS(AND(AND($AG$4>=$H17,$AG$4<=$O17)),4,AND(AND($AG$4>=$M17,$AG$4<=$N17)),3,AND(OR($AG$4<$M17,$AG$4>$N17)),0) -> 0 | AH17: =_xlfn.IFS(AND(AND($AH$4>=$H17,$AH$4<=$O17)),4,AND(AND($AH$4>=$M17,$AH$4<=$N17)),3,AND(OR($AH$4<$M17,$AH$4>$N17)),0) -> 0 | AI17: =_xlfn.IFS(AND(AND($AI$4>=$H17,$AI$4<=$O17)),4,AND(AND($AI$4>=$M17,$AI$4<=$N17)),3,AND(OR($AI$4<$M17,$AI$4>$N17)),0) -> 0 | AJ17: =_xlfn.IFS(AND(AND($AJ$4>=$H17,$AJ$4<=$O17)),4,AND(AND($AJ$4>=$M17,$AJ$4<=$N17)),3,AND(OR($AJ$4<$M17,$AJ$4>$N17)),0) -> 0 | AK17: =_xlfn.IFS(AND(AND($AK$4>=$H17,$AK$4<=$O17)),4,AND(AND($AK$4>=$M17,$AK$4<=$N17)),3,AND(OR($AK$4<$M17,$AK$4>$N17)),0) -> 0 | AL17: =_xlfn.IFS(AND(AND($AL$4>=$H17,$AL$4<=$O17)),4,AND(AND($AL$4>=$M17,$AL$4<=$N17)),3,AND(OR($AL$4<$M17,$AL$4>$N17)),0) -> 0 | AM17: =_xlfn.IFS(AND(AND($AM$4>=$H17,$AM$4<=$O17)),4,AND(AND($AM$4>=$M17,$AM$4<=$N17)),3,AND(OR($AM$4<$M17,$AM$4>$N17)),0) -> 0 | AN17: =_xlfn.IFS(AND(AND($AN$4>=$H17,$AN$4<=$O17)),4,AND(AND($AN$4>=$M17,$AN$4<=$N17)),3,AND(OR($AN$4<$M17,$AN$4>$N17)),0) -> 0 | AO17: =_xlfn.IFS(AND(AND($AO$4>=$H17,$AO$4<=$O17)),4,AND(AND($AO$4>=$M17,$AO$4<=$N17)),3,AND(OR($AO$4<$M17,$AO$4>$N17)),0) -> 0 | AQ17: 2 | AR17: WAT_01 | BU17: =#REF! -> #REF!
B18: 14 | C18: 2 | D18: WATER | E18: WAT_02 | F18: Enhance sustainable lake conservation | H18: _ | I18: 1 | J18: 1 | M18: =H18 -> _ | N18: ='Project types'!$W$6 -> 2050 | O18: =IF(G18=1,(H18-1)+'Project types'!N19,IF(G18=2,H18-1,9999)) -> 9999 | P18: =_xlfn.IFS(AND(AND($P$4>=$H18,$P$4<=$O18)),4,AND(AND($P$4>=$M18,$P$4<=$N18)),3,AND(OR($P$4<$M18,$P$4>$N18)),0) -> 0 | Q18: =_xlfn.IFS(AND(AND($Q$4>=$H18,$Q$4<=$O18)),4,AND(AND($Q$4>=$M18,$Q$4<=$N18)),3,AND(OR($Q$4<$M18,$Q$4>$N18)),0) -> 0 | R18: =_xlfn.IFS(AND(AND($R$4>=$H18,$R$4<=$O18)),4,AND(AND($R$4>=$M18,$R$4<=$N18)),3,AND(OR($R$4<$M18,$R$4>$N18)),0) -> 0 | S18: =_xlfn.IFS(AND(AND($S$4>=$H18,$S$4<=$O18)),4,AND(AND($S$4>=$M18,$S$4<=$N18)),3,AND(OR($S$4<$M18,$S$4>$N18)),0) -> 0 | T18: =_xlfn.IFS(AND(AND($T$4>=$H18,$T$4<=$O18)),4,AND(AND($T$4>=$M18,$T$4<=$N18)),3,AND(OR($T$4<$M18,$T$4>$N18)),0) -> 0 | U18: =_xlfn.IFS(AND(AND($U$4>=$H18,$U$4<=$O18)),4,AND(AND($U$4>=$M18,$U$4<=$N18)),3,AND(OR($U$4<$M18,$U$4>$N18)),0) -> 0 | V18: =_xlfn.IFS(AND(AND($V$4>=$H18,$V$4<=$O18)),4,AND(AND($V$4>=$M18,$V$4<=$N18)),3,AND(OR($V$4<$M18,$V$4>$N18)),0) -> 0 | W18: =_xlfn.IFS(AND(AND($W$4>=$H18,$W$4<=$O18)),4,AND(AND($W$4>=$M18,$W$4<=$N18)),3,AND(OR($W$4<$M18,$W$4>$N18)),0) -> 0 | X18: =_xlfn.IFS(AND(AND($X$4>=$H18,$X$4<=$O18)),4,AND(AND($X$4>=$M18,$X$4<=$N18)),3,AND(OR($X$4<$M18,$X$4>$N18)),0) -> 0 | Y18: =_xlfn.IFS(AND(AND($Y$4>=$H18,$Y$4<=$O18)),4,AND(AND($Y$4>=$M18,$Y$4<=$N18)),3,AND(OR($Y$4<$M18,$Y$4>$N18)),0) -> 0 | Z18: =_xlfn.IFS(AND(AND($Z$4>=$H18,$Z$4<=$O18)),4,AND(AND($Z$4>=$M18,$Z$4<=$N18)),3,AND(OR($Z$4<$M18,$Z$4>$N18)),0) -> 0 | AA18: =_xlfn.IFS(AND(AND($AA$4>=$H18,$AA$4<=$O18)),4,AND(AND($AA$4>=$M18,$AA$4<=$N18)),3,AND(OR($AA$4<$M18,$AA$4>$N18)),0) -> 0 | AB18: =_xlfn.IFS(AND(AND($AB$4>=$H18,$AB$4<=$O18)),4,AND(AND($AB$4>=$M18,$AB$4<=$N18)),3,AND(OR($AB$4<$M18,$AB$4>$N18)),0) -> 0 | AC18: =_xlfn.IFS(AND(AND($AC$4>=$H18,$AC$4<=$O18)),4,AND(AND($AC$4>=$M18,$AC$4<=$N18)),3,AND(OR($AC$4<$M18,$AC$4>$N18)),0) -> 0 | AD18: =_xlfn.IFS(AND(AND($AD$4>=$H18,$AD$4<=$O18)),4,AND(AND($AD$4>=$M18,$AD$4<=$N18)),3,AND(OR($AD$4<$M18,$AD$4>$N18)),0) -> 0 | AE18: =_xlfn.IFS(AND(AND($AE$4>=$H18,$AE$4<=$O18)),4,AND(AND($AE$4>=$M18,$AE$4<=$N18)),3,AND(OR($AE$4<$M18,$AE$4>$N18)),0) -> 0 | AF18: =_xlfn.IFS(AND(AND($AF$4>=$H18,$AF$4<=$O18)),4,AND(AND($AF$4>=$M18,$AF$4<=$N18)),3,AND(OR($AF$4<$M18,$AF$4>$N18)),0) -> 0 | AG18: =_xlfn.IFS(AND(AND($AG$4>=$H18,$AG$4<=$O18)),4,AND(AND($AG$4>=$M18,$AG$4<=$N18)),3,AND(OR($AG$4<$M18,$AG$4>$N18)),0) -> 0 | AH18: =_xlfn.IFS(AND(AND($AH$4>=$H18,$AH$4<=$O18)),4,AND(AND($AH$4>=$M18,$AH$4<=$N18)),3,AND(OR($AH$4<$M18,$AH$4>$N18)),0) -> 0 | AI18: =_xlfn.IFS(AND(AND($AI$4>=$H18,$AI$4<=$O18)),4,AND(AND($AI$4>=$M18,$AI$4<=$N18)),3,AND(OR($AI$4<$M18,$AI$4>$N18)),0) -> 0 | AJ18: =_xlfn.IFS(AND(AND($AJ$4>=$H18,$AJ$4<=$O18)),4,AND(AND($AJ$4>=$M18,$AJ$4<=$N18)),3,AND(OR($AJ$4<$M18,$AJ$4>$N18)),0) -> 0 | AK18: =_xlfn.IFS(AND(AND($AK$4>=$H18,$AK$4<=$O18)),4,AND(AND($AK$4>=$M18,$AK$4<=$N18)),3,AND(OR($AK$4<$M18,$AK$4>$N18)),0) -> 0 | AL18: =_xlfn.IFS(AND(AND($AL$4>=$H18,$AL$4<=$O18)),4,AND(AND($AL$4>=$M18,$AL$4<=$N18)),3,AND(OR($AL$4<$M18,$AL$4>$N18)),0) -> 0 | AM18: =_xlfn.IFS(AND(AND($AM$4>=$H18,$AM$4<=$O18)),4,AND(AND($AM$4>=$M18,$AM$4<=$N18)),3,AND(OR($AM$4<$M18,$AM$4>$N18)),0) -> 0 | AN18: =_xlfn.IFS(AND(AND($AN$4>=$H18,$AN$4<=$O18)),4,AND(AND($AN$4>=$M18,$AN$4<=$N18)),3,AND(OR($AN$4<$M18,$AN$4>$N18)),0) -> 0 | AO18: =_xlfn.IFS(AND(AND($AO$4>=$H18,$AO$4<=$O18)),4,AND(AND($AO$4>=$M18,$AO$4<=$N18)),3,AND(OR($AO$4<$M18,$AO$4>$N18)),0) -> 0 | AQ18: 2 | AR18: WAT_02 | BU18: =#REF! -> #REF!
B19: 15 | C19: 2 | D19: WATER | E19: WAT_03 | F19: Enhance sustainable river conservation | H19: _ | I19: 1 | J19: 1 | M19: =H19 -> _ | N19: ='Project types'!$W$6 -> 2050 | O19: =IF(G19=1,(H19-1)+'Project types'!N20,IF(G19=2,H19-1,9999)) -> 9999 | P19: =_xlfn.IFS(AND(AND($P$4>=$H19,$P$4<=$O19)),4,AND(AND($P$4>=$M19,$P$4<=$N19)),3,AND(OR($P$4<$M19,$P$4>$N19)),0) -> 0 | Q19: =_xlfn.IFS(AND(AND($Q$4>=$H19,$Q$4<=$O19)),4,AND(AND($Q$4>=$M19,$Q$4<=$N19)),3,AND(OR($Q$4<$M19,$Q$4>$N19)),0) -> 0 | R19: =_xlfn.IFS(AND(AND($R$4>=$H19,$R$4<=$O19)),4,AND(AND($R$4>=$M19,$R$4<=$N19)),3,AND(OR($R$4<$M19,$R$4>$N19)),0) -> 0 | S19: =_xlfn.IFS(AND(AND($S$4>=$H19,$S$4<=$O19)),4,AND(AND($S$4>=$M19,$S$4<=$N19)),3,AND(OR($S$4<$M19,$S$4>$N19)),0) -> 0 | T19: =_xlfn.IFS(AND(AND($T$4>=$H19,$T$4<=$O19)),4,AND(AND($T$4>=$M19,$T$4<=$N19)),3,AND(OR($T$4<$M19,$T$4>$N19)),0) -> 0 | U19: =_xlfn.IFS(AND(AND($U$4>=$H19,$U$4<=$O19)),4,AND(AND($U$4>=$M19,$U$4<=$N19)),3,AND(OR($U$4<$M19,$U$4>$N19)),0) -> 0 | V19: =_xlfn.IFS(AND(AND($V$4>=$H19,$V$4<=$O19)),4,AND(AND($V$4>=$M19,$V$4<=$N19)),3,AND(OR($V$4<$M19,$V$4>$N19)),0) -> 0 | W19: =_xlfn.IFS(AND(AND($W$4>=$H19,$W$4<=$O19)),4,AND(AND($W$4>=$M19,$W$4<=$N19)),3,AND(OR($W$4<$M19,$W$4>$N19)),0) -> 0 | X19: =_xlfn.IFS(AND(AND($X$4>=$H19,$X$4<=$O19)),4,AND(AND($X$4>=$M19,$X$4<=$N19)),3,AND(OR($X$4<$M19,$X$4>$N19)),0) -> 0 | Y19: =_xlfn.IFS(AND(AND($Y$4>=$H19,$Y$4<=$O19)),4,AND(AND($Y$4>=$M19,$Y$4<=$N19)),3,AND(OR($Y$4<$M19,$Y$4>$N19)),0) -> 0 | Z19: =_xlfn.IFS(AND(AND($Z$4>=$H19,$Z$4<=$O19)),4,AND(AND($Z$4>=$M19,$Z$4<=$N19)),3,AND(OR($Z$4<$M19,$Z$4>$N19)),0) -> 0 | AA19: =_xlfn.IFS(AND(AND($AA$4>=$H19,$AA$4<=$O19)),4,AND(AND($AA$4>=$M19,$AA$4<=$N19)),3,AND(OR($AA$4<$M19,$AA$4>$N19)),0) -> 0 | AB19: =_xlfn.IFS(AND(AND($AB$4>=$H19,$AB$4<=$O19)),4,AND(AND($AB$4>=$M19,$AB$4<=$N19)),3,AND(OR($AB$4<$M19,$AB$4>$N19)),0) -> 0 | AC19: =_xlfn.IFS(AND(AND($AC$4>=$H19,$AC$4<=$O19)),4,AND(AND($AC$4>=$M19,$AC$4<=$N19)),3,AND(OR($AC$4<$M19,$AC$4>$N19)),0) -> 0 | AD19: =_xlfn.IFS(AND(AND($AD$4>=$H19,$AD$4<=$O19)),4,AND(AND($AD$4>=$M19,$AD$4<=$N19)),3,AND(OR($AD$4<$M19,$AD$4>$N19)),0) -> 0 | AE19: =_xlfn.IFS(AND(AND($AE$4>=$H19,$AE$4<=$O19)),4,AND(AND($AE$4>=$M19,$AE$4<=$N19)),3,AND(OR($AE$4<$M19,$AE$4>$N19)),0) -> 0 | AF19: =_xlfn.IFS(AND(AND($AF$4>=$H19,$AF$4<=$O19)),4,AND(AND($AF$4>=$M19,$AF$4<=$N19)),3,AND(OR($AF$4<$M19,$AF$4>$N19)),0) -> 0 | AG19: =_xlfn.IFS(AND(AND($AG$4>=$H19,$AG$4<=$O19)),4,AND(AND($AG$4>=$M19,$AG$4<=$N19)),3,AND(OR($AG$4<$M19,$AG$4>$N19)),0) -> 0 | AH19: =_xlfn.IFS(AND(AND($AH$4>=$H19,$AH$4<=$O19)),4,AND(AND($AH$4>=$M19,$AH$4<=$N19)),3,AND(OR($AH$4<$M19,$AH$4>$N19)),0) -> 0 | AI19: =_xlfn.IFS(AND(AND($AI$4>=$H19,$AI$4<=$O19)),4,AND(AND($AI$4>=$M19,$AI$4<=$N19)),3,AND(OR($AI$4<$M19,$AI$4>$N19)),0) -> 0 | AJ19: =_xlfn.IFS(AND(AND($AJ$4>=$H19,$AJ$4<=$O19)),4,AND(AND($AJ$4>=$M19,$AJ$4<=$N19)),3,AND(OR($AJ$4<$M19,$AJ$4>$N19)),0) -> 0 | AK19: =_xlfn.IFS(AND(AND($AK$4>=$H19,$AK$4<=$O19)),4,AND(AND($AK$4>=$M19,$AK$4<=$N19)),3,AND(OR($AK$4<$M19,$AK$4>$N19)),0) -> 0 | AL19: =_xlfn.IFS(AND(AND($AL$4>=$H19,$AL$4<=$O19)),4,AND(AND($AL$4>=$M19,$AL$4<=$N19)),3,AND(OR($AL$4<$M19,$AL$4>$N19)),0) -> 0 | AM19: =_xlfn.IFS(AND(AND($AM$4>=$H19,$AM$4<=$O19)),4,AND(AND($AM$4>=$M19,$AM$4<=$N19)),3,AND(OR($AM$4<$M19,$AM$4>$N19)),0) -> 0 | AN19: =_xlfn.IFS(AND(AND($AN$4>=$H19,$AN$4<=$O19)),4,AND(AND($AN$4>=$M19,$AN$4<=$N19)),3,AND(OR($AN$4<$M19,$AN$4>$N19)),0) -> 0 | AO19: =_xlfn.IFS(AND(AND($AO$4>=$H19,$AO$4<=$O19)),4,AND(AND($AO$4>=$M19,$AO$4<=$N19)),3,AND(OR($AO$4<$M19,$AO$4>$N19)),0) -> 0 | AQ19: 2 | AR19: WAT_03 | BU19: =#REF! -> #REF!
B20: 16 | C20: 2 | D20: WATER | E20: WAT_04 | F20: Enhance aquifer conservation, infiltration and recharge | H20: _ | I20: 0.1 | J20: 1 | M20: =H20 -> _ | N20: ='Project types'!$W$6 -> 2050 | O20: =IF(G20=1,(H20-1)+'Project types'!N21,IF(G20=2,H20-1,9999)) -> 9999 | P20: =_xlfn.IFS(AND(AND($P$4>=$H20,$P$4<=$O20)),4,AND(AND($P$4>=$M20,$P$4<=$N20)),3,AND(OR($P$4<$M20,$P$4>$N20)),0) -> 0 | Q20: =_xlfn.IFS(AND(AND($Q$4>=$H20,$Q$4<=$O20)),4,AND(AND($Q$4>=$M20,$Q$4<=$N20)),3,AND(OR($Q$4<$M20,$Q$4>$N20)),0) -> 0 | R20: =_xlfn.IFS(AND(AND($R$4>=$H20,$R$4<=$O20)),4,AND(AND($R$4>=$M20,$R$4<=$N20)),3,AND(OR($R$4<$M20,$R$4>$N20)),0) -> 0 | S20: =_xlfn.IFS(AND(AND($S$4>=$H20,$S$4<=$O20)),4,AND(AND($S$4>=$M20,$S$4<=$N20)),3,AND(OR($S$4<$M20,$S$4>$N20)),0) -> 0 | T20: =_xlfn.IFS(AND(AND($T$4>=$H20,$T$4<=$O20)),4,AND(AND($T$4>=$M20,$T$4<=$N20)),3,AND(OR($T$4<$M20,$T$4>$N20)),0) -> 0 | U20: =_xlfn.IFS(AND(AND($U$4>=$H20,$U$4<=$O20)),4,AND(AND($U$4>=$M20,$U$4<=$N20)),3,AND(OR($U$4<$M20,$U$4>$N20)),0) -> 0 | V20: =_xlfn.IFS(AND(AND($V$4>=$H20,$V$4<=$O20)),4,AND(AND($V$4>=$M20,$V$4<=$N20)),3,AND(OR($V$4<$M20,$V$4>$N20)),0) -> 0 | W20: =_xlfn.IFS(AND(AND($W$4>=$H20,$W$4<=$O20)),4,AND(AND($W$4>=$M20,$W$4<=$N20)),3,AND(OR($W$4<$M20,$W$4>$N20)),0) -> 0 | X20: =_xlfn.IFS(AND(AND($X$4>=$H20,$X$4<=$O20)),4,AND(AND($X$4>=$M20,$X$4<=$N20)),3,AND(OR($X$4<$M20,$X$4>$N20)),0) -> 0 | Y20: =_xlfn.IFS(AND(AND($Y$4>=$H20,$Y$4<=$O20)),4,AND(AND($Y$4>=$M20,$Y$4<=$N20)),3,AND(OR($Y$4<$M20,$Y$4>$N20)),0) -> 0 | Z20: =_xlfn.IFS(AND(AND($Z$4>=$H20,$Z$4<=$O20)),4,AND(AND($Z$4>=$M20,$Z$4<=$N20)),3,AND(OR($Z$4<$M20,$Z$4>$N20)),0) -> 0 | AA20: =_xlfn.IFS(AND(AND($AA$4>=$H20,$AA$4<=$O20)),4,AND(AND($AA$4>=$M20,$AA$4<=$N20)),3,AND(OR($AA$4<$M20,$AA$4>$N20)),0) -> 0 | AB20: =_xlfn.IFS(AND(AND($AB$4>=$H20,$AB$4<=$O20)),4,AND(AND($AB$4>=$M20,$AB$4<=$N20)),3,AND(OR($AB$4<$M20,$AB$4>$N20)),0) -> 0 | AC20: =_xlfn.IFS(AND(AND($AC$4>=$H20,$AC$4<=$O20)),4,AND(AND($AC$4>=$M20,$AC$4<=$N20)),3,AND(OR($AC$4<$M20,$AC$4>$N20)),0) -> 0 | AD20: =_xlfn.IFS(AND(AND($AD$4>=$H20,$AD$4<=$O20)),4,AND(AND($AD$4>=$M20,$AD$4<=$N20)),3,AND(OR($AD$4<$M20,$AD$4>$N20)),0) -> 0 | AE20: =_xlfn.IFS(AND(AND($AE$4>=$H20,$AE$4<=$O20)),4,AND(AND($AE$4>=$M20,$AE$4<=$N20)),3,AND(OR($AE$4<$M20,$AE$4>$N20)),0) -> 0 | AF20: =_xlfn.IFS(AND(AND($AF$4>=$H20,$AF$4<=$O20)),4,AND(AND($AF$4>=$M20,$AF$4<=$N20)),3,AND(OR($AF$4<$M20,$AF$4>$N20)),0) -> 0 | AG20: =_xlfn.IFS(AND(AND($AG$4>=$H20,$AG$4<=$O20)),4,AND(AND($AG$4>=$M20,$AG$4<=$N20)),3,AND(OR($AG$4<$M20,$AG$4>$N20)),0) -> 0 | AH20: =_xlfn.IFS(AND(AND($AH$4>=$H20,$AH$4<=$O20)),4,AND(AND($AH$4>=$M20,$AH$4<=$N20)),3,AND(OR($AH$4<$M20,$AH$4>$N20)),0) -> 0 | AI20: =_xlfn.IFS(AND(AND($AI$4>=$H20,$AI$4<=$O20)),4,AND(AND($AI$4>=$M20,$AI$4<=$N20)),3,AND(OR($AI$4<$M20,$AI$4>$N20)),0) -> 0 | AJ20: =_xlfn.IFS(AND(AND($AJ$4>=$H20,$AJ$4<=$O20)),4,AND(AND($AJ$4>=$M20,$AJ$4<=$N20)),3,AND(OR($AJ$4<$M20,$AJ$4>$N20)),0) -> 0 | AK20: =_xlfn.IFS(AND(AND($AK$4>=$H20,$AK$4<=$O20)),4,AND(AND($AK$4>=$M20,$AK$4<=$N20)),3,AND(OR($AK$4<$M20,$AK$4>$N20)),0) -> 0 | AL20: =_xlfn.IFS(AND(AND($AL$4>=$H20,$AL$4<=$O20)),4,AND(AND($AL$4>=$M20,$AL$4<=$N20)),3,AND(OR($AL$4<$M20,$AL$4>$N20)),0) -> 0 | AM20: =_xlfn.IFS(AND(AND($AM$4>=$H20,$AM$4<=$O20)),4,AND(AND($AM$4>=$M20,$AM$4<=$N20)),3,AND(OR($AM$4<$M20,$AM$4>$N20)),0) -> 0 | AN20: =_xlfn.IFS(AND(AND($AN$4>=$H20,$AN$4<=$O20)),4,AND(AND($AN$4>=$M20,$AN$4<=$N20)),3,AND(OR($AN$4<$M20,$AN$4>$N20)),0) -> 0 | AO20: =_xlfn.IFS(AND(AND($AO$4>=$H20,$AO$4<=$O20)),4,AND(AND($AO$4>=$M20,$AO$4<=$N20)),3,AND(OR($AO$4<$M20,$AO$4>$N20)),0) -> 0 | AQ20: 2 | AR20: WAT_04 | BU20: =#REF! -> #REF!
B21: 17 | C21: 2 | D21: WATER | E21: WAT_05 | F21: Enhance wetland restoration | H21: _ | I21: 0.2 | J21: 1 | M21: =H21 -> _ | N21: ='Project types'!$W$6 -> 2050 | O21: =IF(G21=1,(H21-1)+'Project types'!N22,IF(G21=2,H21-1,9999)) -> 9999 | P21: =_xlfn.IFS(AND(AND($P$4>=$H21,$P$4<=$O21)),4,AND(AND($P$4>=$M21,$P$4<=$N21)),3,AND(OR($P$4<$M21,$P$4>$N21)),0) -> 0 | Q21: =_xlfn.IFS(AND(AND($Q$4>=$H21,$Q$4<=$O21)),4,AND(AND($Q$4>=$M21,$Q$4<=$N21)),3,AND(OR($Q$4<$M21,$Q$4>$N21)),0) -> 0 | R21: =_xlfn.IFS(AND(AND($R$4>=$H21,$R$4<=$O21)),4,AND(AND($R$4>=$M21,$R$4<=$N21)),3,AND(OR($R$4<$M21,$R$4>$N21)),0) -> 0 | S21: =_xlfn.IFS(AND(AND($S$4>=$H21,$S$4<=$O21)),4,AND(AND($S$4>=$M21,$S$4<=$N21)),3,AND(OR($S$4<$M21,$S$4>$N21)),0) -> 0 | T21: =_xlfn.IFS(AND(AND($T$4>=$H21,$T$4<=$O21)),4,AND(AND($T$4>=$M21,$T$4<=$N21)),3,AND(OR($T$4<$M21,$T$4>$N21)),0) -> 0 | U21: =_xlfn.IFS(AND(AND($U$4>=$H21,$U$4<=$O21)),4,AND(AND($U$4>=$M21,$U$4<=$N21)),3,AND(OR($U$4<$M21,$U$4>$N21)),0) -> 0 | V21: =_xlfn.IFS(AND(AND($V$4>=$H21,$V$4<=$O21)),4,AND(AND($V$4>=$M21,$V$4<=$N21)),3,AND(OR($V$4<$M21,$V$4>$N21)),0) -> 0 | W21: =_xlfn.IFS(AND(AND($W$4>=$H21,$W$4<=$O21)),4,AND(AND($W$4>=$M21,$W$4<=$N21)),3,AND(OR($W$4<$M21,$W$4>$N21)),0) -> 0 | X21: =_xlfn.IFS(AND(AND($X$4>=$H21,$X$4<=$O21)),4,AND(AND($X$4>=$M21,$X$4<=$N21)),3,AND(OR($X$4<$M21,$X$4>$N21)),0) -> 0 | Y21: =_xlfn.IFS(AND(AND($Y$4>=$H21,$Y$4<=$O21)),4,AND(AND($Y$4>=$M21,$Y$4<=$N21)),3,AND(OR($Y$4<$M21,$Y$4>$N21)),0) -> 0 | Z21: =_xlfn.IFS(AND(AND($Z$4>=$H21,$Z$4<=$O21)),4,AND(AND($Z$4>=$M21,$Z$4<=$N21)),3,AND(OR($Z$4<$M21,$Z$4>$N21)),0) -> 0 | AA21: =_xlfn.IFS(AND(AND($AA$4>=$H21,$AA$4<=$O21)),4,AND(AND($AA$4>=$M21,$AA$4<=$N21)),3,AND(OR($AA$4<$M21,$AA$4>$N21)),0) -> 0 | AB21: =_xlfn.IFS(AND(AND($AB$4>=$H21,$AB$4<=$O21)),4,AND(AND($AB$4>=$M21,$AB$4<=$N21)),3,AND(OR($AB$4<$M21,$AB$4>$N21)),0) -> 0 | AC21: =_xlfn.IFS(AND(AND($AC$4>=$H21,$AC$4<=$O21)),4,AND(AND($AC$4>=$M21,$AC$4<=$N21)),3,AND(OR($AC$4<$M21,$AC$4>$N21)),0) -> 0 | AD21: =_xlfn.IFS(AND(AND($AD$4>=$H21,$AD$4<=$O21)),4,AND(AND($AD$4>=$M21,$AD$4<=$N21)),3,AND(OR($AD$4<$M21,$AD$4>$N21)),0) -> 0 | AE21: =_xlfn.IFS(AND(AND($AE$4>=$H21,$AE$4<=$O21)),4,AND(AND($AE$4>=$M21,$AE$4<=$N21)),3,AND(OR($AE$4<$M21,$AE$4>$N21)),0) -> 0 | AF21: =_xlfn.IFS(AND(AND($AF$4>=$H21,$AF$4<=$O21)),4,AND(AND($AF$4>=$M21,$AF$4<=$N21)),3,AND(OR($AF$4<$M21,$AF$4>$N21)),0) -> 0 | AG21: =_xlfn.IFS(AND(AND($AG$4>=$H21,$AG$4<=$O21)),4,AND(AND($AG$4>=$M21,$AG$4<=$N21)),3,AND(OR($AG$4<$M21,$AG$4>$N21)),0) -> 0 | AH21: =_xlfn.IFS(AND(AND($AH$4>=$H21,$AH$4<=$O21)),4,AND(AND($AH$4>=$M21,$AH$4<=$N21)),3,AND(OR($AH$4<$M21,$AH$4>$N21)),0) -> 0 | AI21: =_xlfn.IFS(AND(AND($AI$4>=$H21,$AI$4<=$O21)),4,AND(AND($AI$4>=$M21,$AI$4<=$N21)),3,AND(OR($AI$4<$M21,$AI$4>$N21)),0) -> 0 | AJ21: =_xlfn.IFS(AND(AND($AJ$4>=$H21,$AJ$4<=$O21)),4,AND(AND($AJ$4>=$M21,$AJ$4<=$N21)),3,AND(OR($AJ$4<$M21,$AJ$4>$N21)),0) -> 0 | AK21: =_xlfn.IFS(AND(AND($AK$4>=$H21,$AK$4<=$O21)),4,AND(AND($AK$4>=$M21,$AK$4<=$N21)),3,AND(OR($AK$4<$M21,$AK$4>$N21)),0) -> 0 | AL21: =_xlfn.IFS(AND(AND($AL$4>=$H21,$AL$4<=$O21)),4,AND(AND($AL$4>=$M21,$AL$4<=$N21)),3,AND(OR($AL$4<$M21,$AL$4>$N21)),0) -> 0 | AM21: =_xlfn.IFS(AND(AND($AM$4>=$H21,$AM$4<=$O21)),4,AND(AND($AM$4>=$M21,$AM$4<=$N21)),3,AND(OR($AM$4<$M21,$AM$4>$N21)),0) -> 0 | AN21: =_xlfn.IFS(AND(AND($AN$4>=$H21,$AN$4<=$O21)),4,AND(AND($AN$4>=$M21,$AN$4<=$N21)),3,AND(OR($AN$4<$M21,$AN$4>$N21)),0) -> 0 | AO21: =_xlfn.IFS(AND(AND($AO$4>=$H21,$AO$4<=$O21)),4,AND(AND($AO$4>=$M21,$AO$4<=$N21)),3,AND(OR($AO$4<$M21,$AO$4>$N21)),0) -> 0 | AQ21: 2 | AR21: WAT_05 | BU21: =#REF! -> #REF!
B22: 18 | C22: 2 | D22: WATER | E22: WAT_06 | F22: Enhance lake restoration | H22: _ | I22: 1 | J22: 1 | M22: =H22 -> _ | N22: ='Project types'!$W$6 -> 2050 | O22: =IF(G22=1,(H22-1)+'Project types'!N23,IF(G22=2,H22-1,9999)) -> 9999 | P22: =_xlfn.IFS(AND(AND($P$4>=$H22,$P$4<=$O22)),4,AND(AND($P$4>=$M22,$P$4<=$N22)),3,AND(OR($P$4<$M22,$P$4>$N22)),0) -> 0 | Q22: =_xlfn.IFS(AND(AND($Q$4>=$H22,$Q$4<=$O22)),4,AND(AND($Q$4>=$M22,$Q$4<=$N22)),3,AND(OR($Q$4<$M22,$Q$4>$N22)),0) -> 0 | R22: =_xlfn.IFS(AND(AND($R$4>=$H22,$R$4<=$O22)),4,AND(AND($R$4>=$M22,$R$4<=$N22)),3,AND(OR($R$4<$M22,$R$4>$N22)),0) -> 0 | S22: =_xlfn.IFS(AND(AND($S$4>=$H22,$S$4<=$O22)),4,AND(AND($S$4>=$M22,$S$4<=$N22)),3,AND(OR($S$4<$M22,$S$4>$N22)),0) -> 0 | T22: =_xlfn.IFS(AND(AND($T$4>=$H22,$T$4<=$O22)),4,AND(AND($T$4>=$M22,$T$4<=$N22)),3,AND(OR($T$4<$M22,$T$4>$N22)),0) -> 0 | U22: =_xlfn.IFS(AND(AND($U$4>=$H22,$U$4<=$O22)),4,AND(AND($U$4>=$M22,$U$4<=$N22)),3,AND(OR($U$4<$M22,$U$4>$N22)),0) -> 0 | V22: =_xlfn.IFS(AND(AND($V$4>=$H22,$V$4<=$O22)),4,AND(AND($V$4>=$M22,$V$4<=$N22)),3,AND(OR($V$4<$M22,$V$4>$N22)),0) -> 0 | W22: =_xlfn.IFS(AND(AND($W$4>=$H22,$W$4<=$O22)),4,AND(AND($W$4>=$M22,$W$4<=$N22)),3,AND(OR($W$4<$M22,$W$4>$N22)),0) -> 0 | X22: =_xlfn.IFS(AND(AND($X$4>=$H22,$X$4<=$O22)),4,AND(AND($X$4>=$M22,$X$4<=$N22)),3,AND(OR($X$4<$M22,$X$4>$N22)),0) -> 0 | Y22: =_xlfn.IFS(AND(AND($Y$4>=$H22,$Y$4<=$O22)),4,AND(AND($Y$4>=$M22,$Y$4<=$N22)),3,AND(OR($Y$4<$M22,$Y$4>$N22)),0) -> 0 | Z22: =_xlfn.IFS(AND(AND($Z$4>=$H22,$Z$4<=$O22)),4,AND(AND($Z$4>=$M22,$Z$4<=$N22)),3,AND(OR($Z$4<$M22,$Z$4>$N22)),0) -> 0 | AA22: =_xlfn.IFS(AND(AND($AA$4>=$H22,$AA$4<=$O22)),4,AND(AND($AA$4>=$M22,$AA$4<=$N22)),3,AND(OR($AA$4<$M22,$AA$4>$N22)),0) -> 0 | AB22: =_xlfn.IFS(AND(AND($AB$4>=$H22,$AB$4<=$O22)),4,AND(AND($AB$4>=$M22,$AB$4<=$N22)),3,AND(OR($AB$4<$M22,$AB$4>$N22)),0) -> 0 | AC22: =_xlfn.IFS(AND(AND($AC$4>=$H22,$AC$4<=$O22)),4,AND(AND($AC$4>=$M22,$AC$4<=$N22)),3,AND(OR($AC$4<$M22,$AC$4>$N22)),0) -> 0 | AD22: =_xlfn.IFS(AND(AND($AD$4>=$H22,$AD$4<=$O22)),4,AND(AND($AD$4>=$M22,$AD$4<=$N22)),3,AND(OR($AD$4<$M22,$AD$4>$N22)),0) -> 0 | AE22: =_xlfn.IFS(AND(AND($AE$4>=$H22,$AE$4<=$O22)),4,AND(AND($AE$4>=$M22,$AE$4<=$N22)),3,AND(OR($AE$4<$M22,$AE$4>$N22)),0) -> 0 | AF22: =_xlfn.IFS(AND(AND($AF$4>=$H22,$AF$4<=$O22)),4,AND(AND($AF$4>=$M22,$AF$4<=$N22)),3,AND(OR($AF$4<$M22,$AF$4>$N22)),0) -> 0 | AG22: =_xlfn.IFS(AND(AND($AG$4>=$H22,$AG$4<=$O22)),4,AND(AND($AG$4>=$M22,$AG$4<=$N22)),3,AND(OR($AG$4<$M22,$AG$4>$N22)),0) -> 0 | AH22: =_xlfn.IFS(AND(AND($AH$4>=$H22,$AH$4<=$O22)),4,AND(AND($AH$4>=$M22,$AH$4<=$N22)),3,AND(OR($AH$4<$M22,$AH$4>$N22)),0) -> 0 | AI22: =_xlfn.IFS(AND(AND($AI$4>=$H22,$AI$4<=$O22)),4,AND(AND($AI$4>=$M22,$AI$4<=$N22)),3,AND(OR($AI$4<$M22,$AI$4>$N22)),0) -> 0 | AJ22: =_xlfn.IFS(AND(AND($AJ$4>=$H22,$AJ$4<=$O22)),4,AND(AND($AJ$4>=$M22,$AJ$4<=$N22)),3,AND(OR($AJ$4<$M22,$AJ$4>$N22)),0) -> 0 | AK22: =_xlfn.IFS(AND(AND($AK$4>=$H22,$AK$4<=$O22)),4,AND(AND($AK$4>=$M22,$AK$4<=$N22)),3,AND(OR($AK$4<$M22,$AK$4>$N22)),0) -> 0 | AL22: =_xlfn.IFS(AND(AND($AL$4>=$H22,$AL$4<=$O22)),4,AND(AND($AL$4>=$M22,$AL$4<=$N22)),3,AND(OR($AL$4<$M22,$AL$4>$N22)),0) -> 0 | AM22: =_xlfn.IFS(AND(AND($AM$4>=$H22,$AM$4<=$O22)),4,AND(AND($AM$4>=$M22,$AM$4<=$N22)),3,AND(OR($AM$4<$M22,$AM$4>$N22)),0) -> 0 | AN22: =_xlfn.IFS(AND(AND($AN$4>=$H22,$AN$4<=$O22)),4,AND(AND($AN$4>=$M22,$AN$4<=$N22)),3,AND(OR($AN$4<$M22,$AN$4>$N22)),0) -> 0 | AO22: =_xlfn.IFS(AND(AND($AO$4>=$H22,$AO$4<=$O22)),4,AND(AND($AO$4>=$M22,$AO$4<=$N22)),3,AND(OR($AO$4<$M22,$AO$4>$N22)),0) -> 0 | AQ22: 2 | AR22: WAT_06 | BU22: =#REF! -> #REF!
B23: 19 | C23: 2 | D23: WATER | E23: WAT_07 | F23: Enhance river restoration | H23: _ | I23: 1 | J23: 1 | M23: =H23 -> _ | N23: ='Project types'!$W$6 -> 2050 | O23: =IF(G23=1,(H23-1)+'Project types'!N24,IF(G23=2,H23-1,9999)) -> 9999 | P23: =_xlfn.IFS(AND(AND($P$4>=$H23,$P$4<=$O23)),4,AND(AND($P$4>=$M23,$P$4<=$N23)),3,AND(OR($P$4<$M23,$P$4>$N23)),0) -> 0 | Q23: =_xlfn.IFS(AND(AND($Q$4>=$H23,$Q$4<=$O23)),4,AND(AND($Q$4>=$M23,$Q$4<=$N23)),3,AND(OR($Q$4<$M23,$Q$4>$N23)),0) -> 0 | R23: =_xlfn.IFS(AND(AND($R$4>=$H23,$R$4<=$O23)),4,AND(AND($R$4>=$M23,$R$4<=$N23)),3,AND(OR($R$4<$M23,$R$4>$N23)),0) -> 0 | S23: =_xlfn.IFS(AND(AND($S$4>=$H23,$S$4<=$O23)),4,AND(AND($S$4>=$M23,$S$4<=$N23)),3,AND(OR($S$4<$M23,$S$4>$N23)),0) -> 0 | T23: =_xlfn.IFS(AND(AND($T$4>=$H23,$T$4<=$O23)),4,AND(AND($T$4>=$M23,$T$4<=$N23)),3,AND(OR($T$4<$M23,$T$4>$N23)),0) -> 0 | U23: =_xlfn.IFS(AND(AND($U$4>=$H23,$U$4<=$O23)),4,AND(AND($U$4>=$M23,$U$4<=$N23)),3,AND(OR($U$4<$M23,$U$4>$N23)),0) -> 0 | V23: =_xlfn.IFS(AND(AND($V$4>=$H23,$V$4<=$O23)),4,AND(AND($V$4>=$M23,$V$4<=$N23)),3,AND(OR($V$4<$M23,$V$4>$N23)),0) -> 0 | W23: =_xlfn.IFS(AND(AND($W$4>=$H23,$W$4<=$O23)),4,AND(AND($W$4>=$M23,$W$4<=$N23)),3,AND(OR($W$4<$M23,$W$4>$N23)),0) -> 0 | X23: =_xlfn.IFS(AND(AND($X$4>=$H23,$X$4<=$O23)),4,AND(AND($X$4>=$M23,$X$4<=$N23)),3,AND(OR($X$4<$M23,$X$4>$N23)),0) -> 0 | Y23: =_xlfn.IFS(AND(AND($Y$4>=$H23,$Y$4<=$O23)),4,AND(AND($Y$4>=$M23,$Y$4<=$N23)),3,AND(OR($Y$4<$M23,$Y$4>$N23)),0) -> 0 | Z23: =_xlfn.IFS(AND(AND($Z$4>=$H23,$Z$4<=$O23)),4,AND(AND($Z$4>=$M23,$Z$4<=$N23)),3,AND(OR($Z$4<$M23,$Z$4>$N23)),0) -> 0 | AA23: =_xlfn.IFS(AND(AND($AA$4>=$H23,$AA$4<=$O23)),4,AND(AND($AA$4>=$M23,$AA$4<=$N23)),3,AND(OR($AA$4<$M23,$AA$4>$N23)),0) -> 0 | AB23: =_xlfn.IFS(AND(AND($AB$4>=$H23,$AB$4<=$O23)),4,AND(AND($AB$4>=$M23,$AB$4<=$N23)),3,AND(OR($AB$4<$M23,$AB$4>$N23)),0) -> 0 | AC23: =_xlfn.IFS(AND(AND($AC$4>=$H23,$AC$4<=$O23)),4,AND(AND($AC$4>=$M23,$AC$4<=$N23)),3,AND(OR($AC$4<$M23,$AC$4>$N23)),0) -> 0 | AD23: =_xlfn.IFS(AND(AND($AD$4>=$H23,$AD$4<=$O23)),4,AND(AND($AD$4>=$M23,$AD$4<=$N23)),3,AND(OR($AD$4<$M23,$AD$4>$N23)),0) -> 0 | AE23: =_xlfn.IFS(AND(AND($AE$4>=$H23,$AE$4<=$O23)),4,AND(AND($AE$4>=$M23,$AE$4<=$N23)),3,AND(OR($AE$4<$M23,$AE$4>$N23)),0) -> 0 | AF23: =_xlfn.IFS(AND(AND($AF$4>=$H23,$AF$4<=$O23)),4,AND(AND($AF$4>=$M23,$AF$4<=$N23)),3,AND(OR($AF$4<$M23,$AF$4>$N23)),0) -> 0 | AG23: =_xlfn.IFS(AND(AND($AG$4>=$H23,$AG$4<=$O23)),4,AND(AND($AG$4>=$M23,$AG$4<=$N23)),3,AND(OR($AG$4<$M23,$AG$4>$N23)),0) -> 0 | AH23: =_xlfn.IFS(AND(AND($AH$4>=$H23,$AH$4<=$O23)),4,AND(AND($AH$4>=$M23,$AH$4<=$N23)),3,AND(OR($AH$4<$M23,$AH$4>$N23)),0) -> 0 | AI23: =_xlfn.IFS(AND(AND($AI$4>=$H23,$AI$4<=$O23)),4,AND(AND($AI$4>=$M23,$AI$4<=$N23)),3,AND(OR($AI$4<$M23,$AI$4>$N23)),0) -> 0 | AJ23: =_xlfn.IFS(AND(AND($AJ$4>=$H23,$AJ$4<=$O23)),4,AND(AND($AJ$4>=$M23,$AJ$4<=$N23)),3,AND(OR($AJ$4<$M23,$AJ$4>$N23)),0) -> 0 | AK23: =_xlfn.IFS(AND(AND($AK$4>=$H23,$AK$4<=$O23)),4,AND(AND($AK$4>=$M23,$AK$4<=$N23)),3,AND(OR($AK$4<$M23,$AK$4>$N23)),0) -> 0 | AL23: =_xlfn.IFS(AND(AND($AL$4>=$H23,$AL$4<=$O23)),4,AND(AND($AL$4>=$M23,$AL$4<=$N23)),3,AND(OR($AL$4<$M23,$AL$4>$N23)),0) -> 0 | AM23: =_xlfn.IFS(AND(AND($AM$4>=$H23,$AM$4<=$O23)),4,AND(AND($AM$4>=$M23,$AM$4<=$N23)),3,AND(OR($AM$4<$M23,$AM$4>$N23)),0) -> 0 | AN23: =_xlfn.IFS(AND(AND($AN$4>=$H23,$AN$4<=$O23)),4,AND(AND($AN$4>=$M23,$AN$4<=$N23)),3,AND(OR($AN$4<$M23,$AN$4>$N23)),0) -> 0 | AO23: =_xlfn.IFS(AND(AND($AO$4>=$H23,$AO$4<=$O23)),4,AND(AND($AO$4>=$M23,$AO$4<=$N23)),3,AND(OR($AO$4<$M23,$AO$4>$N23)),0) -> 0 | AQ23: 2 | AR23: WAT_07 | BU23: =#REF! -> #REF!
B24: 20 | C24: 2 | D24: WATER | E24: WAT_08 | F24: Enhance sustainable aquifer restoration | H24: _ | I24: 0.01 | J24: 1 | M24: =H24 -> _ | N24: ='Project types'!$W$6 -> 2050 | O24: =IF(G24=1,(H24-1)+'Project types'!N25,IF(G24=2,H24-1,9999)) -> 9999 | P24: =_xlfn.IFS(AND(AND($P$4>=$H24,$P$4<=$O24)),4,AND(AND($P$4>=$M24,$P$4<=$N24)),3,AND(OR($P$4<$M24,$P$4>$N24)),0) -> 0 | Q24: =_xlfn.IFS(AND(AND($Q$4>=$H24,$Q$4<=$O24)),4,AND(AND($Q$4>=$M24,$Q$4<=$N24)),3,AND(OR($Q$4<$M24,$Q$4>$N24)),0) -> 0 | R24: =_xlfn.IFS(AND(AND($R$4>=$H24,$R$4<=$O24)),4,AND(AND($R$4>=$M24,$R$4<=$N24)),3,AND(OR($R$4<$M24,$R$4>$N24)),0) -> 0 | S24: =_xlfn.IFS(AND(AND($S$4>=$H24,$S$4<=$O24)),4,AND(AND($S$4>=$M24,$S$4<=$N24)),3,AND(OR($S$4<$M24,$S$4>$N24)),0) -> 0 | T24: =_xlfn.IFS(AND(AND($T$4>=$H24,$T$4<=$O24)),4,AND(AND($T$4>=$M24,$T$4<=$N24)),3,AND(OR($T$4<$M24,$T$4>$N24)),0) -> 0 | U24: =_xlfn.IFS(AND(AND($U$4>=$H24,$U$4<=$O24)),4,AND(AND($U$4>=$M24,$U$4<=$N24)),3,AND(OR($U$4<$M24,$U$4>$N24)),0) -> 0 | V24: =_xlfn.IFS(AND(AND($V$4>=$H24,$V$4<=$O24)),4,AND(AND($V$4>=$M24,$V$4<=$N24)),3,AND(OR($V$4<$M24,$V$4>$N24)),0) -> 0 | W24: =_xlfn.IFS(AND(AND($W$4>=$H24,$W$4<=$O24)),4,AND(AND($W$4>=$M24,$W$4<=$N24)),3,AND(OR($W$4<$M24,$W$4>$N24)),0) -> 0 | X24: =_xlfn.IFS(AND(AND($X$4>=$H24,$X$4<=$O24)),4,AND(AND($X$4>=$M24,$X$4<=$N24)),3,AND(OR($X$4<$M24,$X$4>$N24)),0) -> 0 | Y24: =_xlfn.IFS(AND(AND($Y$4>=$H24,$Y$4<=$O24)),4,AND(AND($Y$4>=$M24,$Y$4<=$N24)),3,AND(OR($Y$4<$M24,$Y$4>$N24)),0) -> 0 | Z24: =_xlfn.IFS(AND(AND($Z$4>=$H24,$Z$4<=$O24)),4,AND(AND($Z$4>=$M24,$Z$4<=$N24)),3,AND(OR($Z$4<$M24,$Z$4>$N24)),0) -> 0 | AA24: =_xlfn.IFS(AND(AND($AA$4>=$H24,$AA$4<=$O24)),4,AND(AND($AA$4>=$M24,$AA$4<=$N24)),3,AND(OR($AA$4<$M24,$AA$4>$N24)),0) -> 0 | AB24: =_xlfn.IFS(AND(AND($AB$4>=$H24,$AB$4<=$O24)),4,AND(AND($AB$4>=$M24,$AB$4<=$N24)),3,AND(OR($AB$4<$M24,$AB$4>$N24)),0) -> 0 | AC24: =_xlfn.IFS(AND(AND($AC$4>=$H24,$AC$4<=$O24)),4,AND(AND($AC$4>=$M24,$AC$4<=$N24)),3,AND(OR($AC$4<$M24,$AC$4>$N24)),0) -> 0 | AD24: =_xlfn.IFS(AND(AND($AD$4>=$H24,$AD$4<=$O24)),4,AND(AND($AD$4>=$M24,$AD$4<=$N24)),3,AND(OR($AD$4<$M24,$AD$4>$N24)),0) -> 0 | AE24: =_xlfn.IFS(AND(AND($AE$4>=$H24,$AE$4<=$O24)),4,AND(AND($AE$4>=$M24,$AE$4<=$N24)),3,AND(OR($AE$4<$M24,$AE$4>$N24)),0) -> 0 | AF24: =_xlfn.IFS(AND(AND($AF$4>=$H24,$AF$4<=$O24)),4,AND(AND($AF$4>=$M24,$AF$4<=$N24)),3,AND(OR($AF$4<$M24,$AF$4>$N24)),0) -> 0 | AG24: =_xlfn.IFS(AND(AND($AG$4>=$H24,$AG$4<=$O24)),4,AND(AND($AG$4>=$M24,$AG$4<=$N24)),3,AND(OR($AG$4<$M24,$AG$4>$N24)),0) -> 0 | AH24: =_xlfn.IFS(AND(AND($AH$4>=$H24,$AH$4<=$O24)),4,AND(AND($AH$4>=$M24,$AH$4<=$N24)),3,AND(OR($AH$4<$M24,$AH$4>$N24)),0) -> 0 | AI24: =_xlfn.IFS(AND(AND($AI$4>=$H24,$AI$4<=$O24)),4,AND(AND($AI$4>=$M24,$AI$4<=$N24)),3,AND(OR($AI$4<$M24,$AI$4>$N24)),0) -> 0 | AJ24: =_xlfn.IFS(AND(AND($AJ$4>=$H24,$AJ$4<=$O24)),4,AND(AND($AJ$4>=$M24,$AJ$4<=$N24)),3,AND(OR($AJ$4<$M24,$AJ$4>$N24)),0) -> 0 | AK24: =_xlfn.IFS(AND(AND($AK$4>=$H24,$AK$4<=$O24)),4,AND(AND($AK$4>=$M24,$AK$4<=$N24)),3,AND(OR($AK$4<$M24,$AK$4>$N24)),0) -> 0 | AL24: =_xlfn.IFS(AND(AND($AL$4>=$H24,$AL$4<=$O24)),4,AND(AND($AL$4>=$M24,$AL$4<=$N24)),3,AND(OR($AL$4<$M24,$AL$4>$N24)),0) -> 0 | AM24: =_xlfn.IFS(AND(AND($AM$4>=$H24,$AM$4<=$O24)),4,AND(AND($AM$4>=$M24,$AM$4<=$N24)),3,AND(OR($AM$4<$M24,$AM$4>$N24)),0) -> 0 | AN24: =_xlfn.IFS(AND(AND($AN$4>=$H24,$AN$4<=$O24)),4,AND(AND($AN$4>=$M24,$AN$4<=$N24)),3,AND(OR($AN$4<$M24,$AN$4>$N24)),0) -> 0 | AO24: =_xlfn.IFS(AND(AND($AO$4>=$H24,$AO$4<=$O24)),4,AND(AND($AO$4>=$M24,$AO$4<=$N24)),3,AND(OR($AO$4<$M24,$AO$4>$N24)),0) -> 0 | AQ24: 2 | AR24: WAT_08 | BU24: =#REF! -> #REF!
B25: 21 | C25: 2 | D25: WATER | E25: WAT_09 | F25: Enhance sustainable wastewater treatment and recycling | H25: _ | I25: 1 | J25: 1 | M25: =H25 -> _ | N25: ='Project types'!$W$6 -> 2050 | O25: =IF(G25=1,(H25-1)+'Project types'!N26,IF(G25=2,H25-1,9999)) -> 9999 | P25: =_xlfn.IFS(AND(AND($P$4>=$H25,$P$4<=$O25)),4,AND(AND($P$4>=$M25,$P$4<=$N25)),3,AND(OR($P$4<$M25,$P$4>$N25)),0) -> 0 | Q25: =_xlfn.IFS(AND(AND($Q$4>=$H25,$Q$4<=$O25)),4,AND(AND($Q$4>=$M25,$Q$4<=$N25)),3,AND(OR($Q$4<$M25,$Q$4>$N25)),0) -> 0 | R25: =_xlfn.IFS(AND(AND($R$4>=$H25,$R$4<=$O25)),4,AND(AND($R$4>=$M25,$R$4<=$N25)),3,AND(OR($R$4<$M25,$R$4>$N25)),0) -> 0 | S25: =_xlfn.IFS(AND(AND($S$4>=$H25,$S$4<=$O25)),4,AND(AND($S$4>=$M25,$S$4<=$N25)),3,AND(OR($S$4<$M25,$S$4>$N25)),0) -> 0 | T25: =_xlfn.IFS(AND(AND($T$4>=$H25,$T$4<=$O25)),4,AND(AND($T$4>=$M25,$T$4<=$N25)),3,AND(OR($T$4<$M25,$T$4>$N25)),0) -> 0 | U25: =_xlfn.IFS(AND(AND($U$4>=$H25,$U$4<=$O25)),4,AND(AND($U$4>=$M25,$U$4<=$N25)),3,AND(OR($U$4<$M25,$U$4>$N25)),0) -> 0 | V25: =_xlfn.IFS(AND(AND($V$4>=$H25,$V$4<=$O25)),4,AND(AND($V$4>=$M25,$V$4<=$N25)),3,AND(OR($V$4<$M25,$V$4>$N25)),0) -> 0 | W25: =_xlfn.IFS(AND(AND($W$4>=$H25,$W$4<=$O25)),4,AND(AND($W$4>=$M25,$W$4<=$N25)),3,AND(OR($W$4<$M25,$W$4>$N25)),0) -> 0 | X25: =_xlfn.IFS(AND(AND($X$4>=$H25,$X$4<=$O25)),4,AND(AND($X$4>=$M25,$X$4<=$N25)),3,AND(OR($X$4<$M25,$X$4>$N25)),0) -> 0 | Y25: =_xlfn.IFS(AND(AND($Y$4>=$H25,$Y$4<=$O25)),4,AND(AND($Y$4>=$M25,$Y$4<=$N25)),3,AND(OR($Y$4<$M25,$Y$4>$N25)),0) -> 0 | Z25: =_xlfn.IFS(AND(AND($Z$4>=$H25,$Z$4<=$O25)),4,AND(AND($Z$4>=$M25,$Z$4<=$N25)),3,AND(OR($Z$4<$M25,$Z$4>$N25)),0) -> 0 | AA25: =_xlfn.IFS(AND(AND($AA$4>=$H25,$AA$4<=$O25)),4,AND(AND($AA$4>=$M25,$AA$4<=$N25)),3,AND(OR($AA$4<$M25,$AA$4>$N25)),0) -> 0 | AB25: =_xlfn.IFS(AND(AND($AB$4>=$H25,$AB$4<=$O25)),4,AND(AND($AB$4>=$M25,$AB$4<=$N25)),3,AND(OR($AB$4<$M25,$AB$4>$N25)),0) -> 0 | AC25: =_xlfn.IFS(AND(AND($AC$4>=$H25,$AC$4<=$O25)),4,AND(AND($AC$4>=$M25,$AC$4<=$N25)),3,AND(OR($AC$4<$M25,$AC$4>$N25)),0) -> 0 | AD25: =_xlfn.IFS(AND(AND($AD$4>=$H25,$AD$4<=$O25)),4,AND(AND($AD$4>=$M25,$AD$4<=$N25)),3,AND(OR($AD$4<$M25,$AD$4>$N25)),0) -> 0 | AE25: =_xlfn.IFS(AND(AND($AE$4>=$H25,$AE$4<=$O25)),4,AND(AND($AE$4>=$M25,$AE$4<=$N25)),3,AND(OR($AE$4<$M25,$AE$4>$N25)),0) -> 0 | AF25: =_xlfn.IFS(AND(AND($AF$4>=$H25,$AF$4<=$O25)),4,AND(AND($AF$4>=$M25,$AF$4<=$N25)),3,AND(OR($AF$4<$M25,$AF$4>$N25)),0) -> 0 | AG25: =_xlfn.IFS(AND(AND($AG$4>=$H25,$AG$4<=$O25)),4,AND(AND($AG$4>=$M25,$AG$4<=$N25)),3,AND(OR($AG$4<$M25,$AG$4>$N25)),0) -> 0 | AH25: =_xlfn.IFS(AND(AND($AH$4>=$H25,$AH$4<=$O25)),4,AND(AND($AH$4>=$M25,$AH$4<=$N25)),3,AND(OR($AH$4<$M25,$AH$4>$N25)),0) -> 0 | AI25: =_xlfn.IFS(AND(AND($AI$4>=$H25,$AI$4<=$O25)),4,AND(AND($AI$4>=$M25,$AI$4<=$N25)),3,AND(OR($AI$4<$M25,$AI$4>$N25)),0) -> 0 | AJ25: =_xlfn.IFS(AND(AND($AJ$4>=$H25,$AJ$4<=$O25)),4,AND(AND($AJ$4>=$M25,$AJ$4<=$N25)),3,AND(OR($AJ$4<$M25,$AJ$4>$N25)),0) -> 0 | AK25: =_xlfn.IFS(AND(AND($AK$4>=$H25,$AK$4<=$O25)),4,AND(AND($AK$4>=$M25,$AK$4<=$N25)),3,AND(OR($AK$4<$M25,$AK$4>$N25)),0) -> 0 | AL25: =_xlfn.IFS(AND(AND($AL$4>=$H25,$AL$4<=$O25)),4,AND(AND($AL$4>=$M25,$AL$4<=$N25)),3,AND(OR($AL$4<$M25,$AL$4>$N25)),0) -> 0 | AM25: =_xlfn.IFS(AND(AND($AM$4>=$H25,$AM$4<=$O25)),4,AND(AND($AM$4>=$M25,$AM$4<=$N25)),3,AND(OR($AM$4<$M25,$AM$4>$N25)),0) -> 0 | AN25: =_xlfn.IFS(AND(AND($AN$4>=$H25,$AN$4<=$O25)),4,AND(AND($AN$4>=$M25,$AN$4<=$N25)),3,AND(OR($AN$4<$M25,$AN$4>$N25)),0) -> 0 | AO25: =_xlfn.IFS(AND(AND($AO$4>=$H25,$AO$4<=$O25)),4,AND(AND($AO$4>=$M25,$AO$4<=$N25)),3,AND(OR($AO$4<$M25,$AO$4>$N25)),0) -> 0 | AQ25: 2 | AR25: WAT_09 | BU25: =#REF! -> #REF!
B26: 22 | C26: 2 | D26: WATER | E26: WAT_10 | F26: Enhance sustainable water supply | H26: _ | I26: 1 | J26: 1 | M26: =H26 -> _ | N26: ='Project types'!$W$6 -> 2050 | O26: =IF(G26=1,(H26-1)+'Project types'!N27,IF(G26=2,H26-1,9999)) -> 9999 | P26: =_xlfn.IFS(AND(AND($P$4>=$H26,$P$4<=$O26)),4,AND(AND($P$4>=$M26,$P$4<=$N26)),3,AND(OR($P$4<$M26,$P$4>$N26)),0) -> 0 | Q26: =_xlfn.IFS(AND(AND($Q$4>=$H26,$Q$4<=$O26)),4,AND(AND($Q$4>=$M26,$Q$4<=$N26)),3,AND(OR($Q$4<$M26,$Q$4>$N26)),0) -> 0 | R26: =_xlfn.IFS(AND(AND($R$4>=$H26,$R$4<=$O26)),4,AND(AND($R$4>=$M26,$R$4<=$N26)),3,AND(OR($R$4<$M26,$R$4>$N26)),0) -> 0 | S26: =_xlfn.IFS(AND(AND($S$4>=$H26,$S$4<=$O26)),4,AND(AND($S$4>=$M26,$S$4<=$N26)),3,AND(OR($S$4<$M26,$S$4>$N26)),0) -> 0 | T26: =_xlfn.IFS(AND(AND($T$4>=$H26,$T$4<=$O26)),4,AND(AND($T$4>=$M26,$T$4<=$N26)),3,AND(OR($T$4<$M26,$T$4>$N26)),0) -> 0 | U26: =_xlfn.IFS(AND(AND($U$4>=$H26,$U$4<=$O26)),4,AND(AND($U$4>=$M26,$U$4<=$N26)),3,AND(OR($U$4<$M26,$U$4>$N26)),0) -> 0 | V26: =_xlfn.IFS(AND(AND($V$4>=$H26,$V$4<=$O26)),4,AND(AND($V$4>=$M26,$V$4<=$N26)),3,AND(OR($V$4<$M26,$V$4>$N26)),0) -> 0 | W26: =_xlfn.IFS(AND(AND($W$4>=$H26,$W$4<=$O26)),4,AND(AND($W$4>=$M26,$W$4<=$N26)),3,AND(OR($W$4<$M26,$W$4>$N26)),0) -> 0 | X26: =_xlfn.IFS(AND(AND($X$4>=$H26,$X$4<=$O26)),4,AND(AND($X$4>=$M26,$X$4<=$N26)),3,AND(OR($X$4<$M26,$X$4>$N26)),0) -> 0 | Y26: =_xlfn.IFS(AND(AND($Y$4>=$H26,$Y$4<=$O26)),4,AND(AND($Y$4>=$M26,$Y$4<=$N26)),3,AND(OR($Y$4<$M26,$Y$4>$N26)),0) -> 0 | Z26: =_xlfn.IFS(AND(AND($Z$4>=$H26,$Z$4<=$O26)),4,AND(AND($Z$4>=$M26,$Z$4<=$N26)),3,AND(OR($Z$4<$M26,$Z$4>$N26)),0) -> 0 | AA26: =_xlfn.IFS(AND(AND($AA$4>=$H26,$AA$4<=$O26)),4,AND(AND($AA$4>=$M26,$AA$4<=$N26)),3,AND(OR($AA$4<$M26,$AA$4>$N26)),0) -> 0 | AB26: =_xlfn.IFS(AND(AND($AB$4>=$H26,$AB$4<=$O26)),4,AND(AND($AB$4>=$M26,$AB$4<=$N26)),3,AND(OR($AB$4<$M26,$AB$4>$N26)),0) -> 0 | AC26: =_xlfn.IFS(AND(AND($AC$4>=$H26,$AC$4<=$O26)),4,AND(AND($AC$4>=$M26,$AC$4<=$N26)),3,AND(OR($AC$4<$M26,$AC$4>$N26)),0) -> 0 | AD26: =_xlfn.IFS(AND(AND($AD$4>=$H26,$AD$4<=$O26)),4,AND(AND($AD$4>=$M26,$AD$4<=$N26)),3,AND(OR($AD$4<$M26,$AD$4>$N26)),0) -> 0 | AE26: =_xlfn.IFS(AND(AND($AE$4>=$H26,$AE$4<=$O26)),4,AND(AND($AE$4>=$M26,$AE$4<=$N26)),3,AND(OR($AE$4<$M26,$AE$4>$N26)),0) -> 0 | AF26: =_xlfn.IFS(AND(AND($AF$4>=$H26,$AF$4<=$O26)),4,AND(AND($AF$4>=$M26,$AF$4<=$N26)),3,AND(OR($AF$4<$M26,$AF$4>$N26)),0) -> 0 | AG26: =_xlfn.IFS(AND(AND($AG$4>=$H26,$AG$4<=$O26)),4,AND(AND($AG$4>=$M26,$AG$4<=$N26)),3,AND(OR($AG$4<$M26,$AG$4>$N26)),0) -> 0 | AH26: =_xlfn.IFS(AND(AND($AH$4>=$H26,$AH$4<=$O26)),4,AND(AND($AH$4>=$M26,$AH$4<=$N26)),3,AND(OR($AH$4<$M26,$AH$4>$N26)),0) -> 0 | AI26: =_xlfn.IFS(AND(AND($AI$4>=$H26,$AI$4<=$O26)),4,AND(AND($AI$4>=$M26,$AI$4<=$N26)),3,AND(OR($AI$4<$M26,$AI$4>$N26)),0) -> 0 | AJ26: =_xlfn.IFS(AND(AND($AJ$4>=$H26,$AJ$4<=$O26)),4,AND(AND($AJ$4>=$M26,$AJ$4<=$N26)),3,AND(OR($AJ$4<$M26,$AJ$4>$N26)),0) -> 0 | AK26: =_xlfn.IFS(AND(AND($AK$4>=$H26,$AK$4<=$O26)),4,AND(AND($AK$4>=$M26,$AK$4<=$N26)),3,AND(OR($AK$4<$M26,$AK$4>$N26)),0) -> 0 | AL26: =_xlfn.IFS(AND(AND($AL$4>=$H26,$AL$4<=$O26)),4,AND(AND($AL$4>=$M26,$AL$4<=$N26)),3,AND(OR($AL$4<$M26,$AL$4>$N26)),0) -> 0 | AM26: =_xlfn.IFS(AND(AND($AM$4>=$H26,$AM$4<=$O26)),4,AND(AND($AM$4>=$M26,$AM$4<=$N26)),3,AND(OR($AM$4<$M26,$AM$4>$N26)),0) -> 0 | AN26: =_xlfn.IFS(AND(AND($AN$4>=$H26,$AN$4<=$O26)),4,AND(AND($AN$4>=$M26,$AN$4<=$N26)),3,AND(OR($AN$4<$M26,$AN$4>$N26)),0) -> 0 | AO26: =_xlfn.IFS(AND(AND($AO$4>=$H26,$AO$4<=$O26)),4,AND(AND($AO$4>=$M26,$AO$4<=$N26)),3,AND(OR($AO$4<$M26,$AO$4>$N26)),0) -> 0 | AQ26: 2 | AR26: WAT_10 | BU26: =#REF! -> #REF!
B27: 23 | C27: 2 | D27: WATER | E27: WAT_11 | F27: Adopt carbon taxation for emissions, benefits for sequestration | H27: _ | I27: 1 | J27: 1 | M27: =H27 -> _ | N27: ='Project types'!$W$6 -> 2050 | O27: =IF(G27=1,(H27-1)+'Project types'!N28,IF(G27=2,H27-1,9999)) -> 9999 | P27: =_xlfn.IFS(AND(AND($P$4>=$H27,$P$4<=$O27)),4,AND(AND($P$4>=$M27,$P$4<=$N27)),3,AND(OR($P$4<$M27,$P$4>$N27)),0) -> 0 | Q27: =_xlfn.IFS(AND(AND($Q$4>=$H27,$Q$4<=$O27)),4,AND(AND($Q$4>=$M27,$Q$4<=$N27)),3,AND(OR($Q$4<$M27,$Q$4>$N27)),0) -> 0 | R27: =_xlfn.IFS(AND(AND($R$4>=$H27,$R$4<=$O27)),4,AND(AND($R$4>=$M27,$R$4<=$N27)),3,AND(OR($R$4<$M27,$R$4>$N27)),0) -> 0 | S27: =_xlfn.IFS(AND(AND($S$4>=$H27,$S$4<=$O27)),4,AND(AND($S$4>=$M27,$S$4<=$N27)),3,AND(OR($S$4<$M27,$S$4>$N27)),0) -> 0 | T27: =_xlfn.IFS(AND(AND($T$4>=$H27,$T$4<=$O27)),4,AND(AND($T$4>=$M27,$T$4<=$N27)),3,AND(OR($T$4<$M27,$T$4>$N27)),0) -> 0 | U27: =_xlfn.IFS(AND(AND($U$4>=$H27,$U$4<=$O27)),4,AND(AND($U$4>=$M27,$U$4<=$N27)),3,AND(OR($U$4<$M27,$U$4>$N27)),0) -> 0 | V27: =_xlfn.IFS(AND(AND($V$4>=$H27,$V$4<=$O27)),4,AND(AND($V$4>=$M27,$V$4<=$N27)),3,AND(OR($V$4<$M27,$V$4>$N27)),0) -> 0 | W27: =_xlfn.IFS(AND(AND($W$4>=$H27,$W$4<=$O27)),4,AND(AND($W$4>=$M27,$W$4<=$N27)),3,AND(OR($W$4<$M27,$W$4>$N27)),0) -> 0 | X27: =_xlfn.IFS(AND(AND($X$4>=$H27,$X$4<=$O27)),4,AND(AND($X$4>=$M27,$X$4<=$N27)),3,AND(OR($X$4<$M27,$X$4>$N27)),0) -> 0 | Y27: =_xlfn.IFS(AND(AND($Y$4>=$H27,$Y$4<=$O27)),4,AND(AND($Y$4>=$M27,$Y$4<=$N27)),3,AND(OR($Y$4<$M27,$Y$4>$N27)),0) -> 0 | Z27: =_xlfn.IFS(AND(AND($Z$4>=$H27,$Z$4<=$O27)),4,AND(AND($Z$4>=$M27,$Z$4<=$N27)),3,AND(OR($Z$4<$M27,$Z$4>$N27)),0) -> 0 | AA27: =_xlfn.IFS(AND(AND($AA$4>=$H27,$AA$4<=$O27)),4,AND(AND($AA$4>=$M27,$AA$4<=$N27)),3,AND(OR($AA$4<$M27,$AA$4>$N27)),0) -> 0 | AB27: =_xlfn.IFS(AND(AND($AB$4>=$H27,$AB$4<=$O27)),4,AND(AND($AB$4>=$M27,$AB$4<=$N27)),3,AND(OR($AB$4<$M27,$AB$4>$N27)),0) -> 0 | AC27: =_xlfn.IFS(AND(AND($AC$4>=$H27,$AC$4<=$O27)),4,AND(AND($AC$4>=$M27,$AC$4<=$N27)),3,AND(OR($AC$4<$M27,$AC$4>$N27)),0) -> 0 | AD27: =_xlfn.IFS(AND(AND($AD$4>=$H27,$AD$4<=$O27)),4,AND(AND($AD$4>=$M27,$AD$4<=$N27)),3,AND(OR($AD$4<$M27,$AD$4>$N27)),0) -> 0 | AE27: =_xlfn.IFS(AND(AND($AE$4>=$H27,$AE$4<=$O27)),4,AND(AND($AE$4>=$M27,$AE$4<=$N27)),3,AND(OR($AE$4<$M27,$AE$4>$N27)),0) -> 0 | AF27: =_xlfn.IFS(AND(AND($AF$4>=$H27,$AF$4<=$O27)),4,AND(AND($AF$4>=$M27,$AF$4<=$N27)),3,AND(OR($AF$4<$M27,$AF$4>$N27)),0) -> 0 | AG27: =_xlfn.IFS(AND(AND($AG$4>=$H27,$AG$4<=$O27)),4,AND(AND($AG$4>=$M27,$AG$4<=$N27)),3,AND(OR($AG$4<$M27,$AG$4>$N27)),0) -> 0 | AH27: =_xlfn.IFS(AND(AND($AH$4>=$H27,$AH$4<=$O27)),4,AND(AND($AH$4>=$M27,$AH$4<=$N27)),3,AND(OR($AH$4<$M27,$AH$4>$N27)),0) -> 0 | AI27: =_xlfn.IFS(AND(AND($AI$4>=$H27,$AI$4<=$O27)),4,AND(AND($AI$4>=$M27,$AI$4<=$N27)),3,AND(OR($AI$4<$M27,$AI$4>$N27)),0) -> 0 | AJ27: =_xlfn.IFS(AND(AND($AJ$4>=$H27,$AJ$4<=$O27)),4,AND(AND($AJ$4>=$M27,$AJ$4<=$N27)),3,AND(OR($AJ$4<$M27,$AJ$4>$N27)),0) -> 0 | AK27: =_xlfn.IFS(AND(AND($AK$4>=$H27,$AK$4<=$O27)),4,AND(AND($AK$4>=$M27,$AK$4<=$N27)),3,AND(OR($AK$4<$M27,$AK$4>$N27)),0) -> 0 | AL27: =_xlfn.IFS(AND(AND($AL$4>=$H27,$AL$4<=$O27)),4,AND(AND($AL$4>=$M27,$AL$4<=$N27)),3,AND(OR($AL$4<$M27,$AL$4>$N27)),0) -> 0 | AM27: =_xlfn.IFS(AND(AND($AM$4>=$H27,$AM$4<=$O27)),4,AND(AND($AM$4>=$M27,$AM$4<=$N27)),3,AND(OR($AM$4<$M27,$AM$4>$N27)),0) -> 0 | AN27: =_xlfn.IFS(AND(AND($AN$4>=$H27,$AN$4<=$O27)),4,AND(AND($AN$4>=$M27,$AN$4<=$N27)),3,AND(OR($AN$4<$M27,$AN$4>$N27)),0) -> 0 | AO27: =_xlfn.IFS(AND(AND($AO$4>=$H27,$AO$4<=$O27)),4,AND(AND($AO$4>=$M27,$AO$4<=$N27)),3,AND(OR($AO$4<$M27,$AO$4>$N27)),0) -> 0 | AQ27: 2 | AR27: WAT_11 | BU27: =#REF! -> #REF!
B28: 24 | C28: 3 | D28: BARREN | E28: BAR_01 | F28: Enhance conservation of barren regions | H28: _ | I28: 0.01 | J28: 1 | M28: =H28 -> _ | N28: ='Project types'!$W$6 -> 2050 | O28: =IF(G28=1,(H28-1)+'Project types'!N29,IF(G28=2,H28-1,9999)) -> 9999 | P28: =_xlfn.IFS(AND(AND($P$4>=$H28,$P$4<=$O28)),6,AND(AND($P$4>=$M28,$P$4<=$N28)),5,AND(OR($P$4<$M28,$P$4>$N28)),0) -> 0 | Q28: =_xlfn.IFS(AND(AND($Q$4>=$H28,$Q$4<=$O28)),6,AND(AND($Q$4>=$M28,$Q$4<=$N28)),5,AND(OR($Q$4<$M28,$Q$4>$N28)),0) -> 0 | R28: =_xlfn.IFS(AND(AND($R$4>=$H28,$R$4<=$O28)),6,AND(AND($R$4>=$M28,$R$4<=$N28)),5,AND(OR($R$4<$M28,$R$4>$N28)),0) -> 0 | S28: =_xlfn.IFS(AND(AND($S$4>=$H28,$S$4<=$O28)),6,AND(AND($S$4>=$M28,$S$4<=$N28)),5,AND(OR($S$4<$M28,$S$4>$N28)),0) -> 0 | T28: =_xlfn.IFS(AND(AND($T$4>=$H28,$T$4<=$O28)),6,AND(AND($T$4>=$M28,$T$4<=$N28)),5,AND(OR($T$4<$M28,$T$4>$N28)),0) -> 0 | U28: =_xlfn.IFS(AND(AND($U$4>=$H28,$U$4<=$O28)),6,AND(AND($U$4>=$M28,$U$4<=$N28)),5,AND(OR($U$4<$M28,$U$4>$N28)),0) -> 0 | V28: =_xlfn.IFS(AND(AND($V$4>=$H28,$V$4<=$O28)),6,AND(AND($V$4>=$M28,$V$4<=$N28)),5,AND(OR($V$4<$M28,$V$4>$N28)),0) -> 0 | W28: =_xlfn.IFS(AND(AND($W$4>=$H28,$W$4<=$O28)),6,AND(AND($W$4>=$M28,$W$4<=$N28)),5,AND(OR($W$4<$M28,$W$4>$N28)),0) -> 0 | X28: =_xlfn.IFS(AND(AND($X$4>=$H28,$X$4<=$O28)),6,AND(AND($X$4>=$M28,$X$4<=$N28)),5,AND(OR($X$4<$M28,$X$4>$N28)),0) -> 0 | Y28: =_xlfn.IFS(AND(AND($Y$4>=$H28,$Y$4<=$O28)),6,AND(AND($Y$4>=$M28,$Y$4<=$N28)),5,AND(OR($Y$4<$M28,$Y$4>$N28)),0) -> 0 | Z28: =_xlfn.IFS(AND(AND($Z$4>=$H28,$Z$4<=$O28)),6,AND(AND($Z$4>=$M28,$Z$4<=$N28)),5,AND(OR($Z$4<$M28,$Z$4>$N28)),0) -> 0 | AA28: =_xlfn.IFS(AND(AND($AA$4>=$H28,$AA$4<=$O28)),6,AND(AND($AA$4>=$M28,$AA$4<=$N28)),5,AND(OR($AA$4<$M28,$AA$4>$N28)),0) -> 0 | AB28: =_xlfn.IFS(AND(AND($AB$4>=$H28,$AB$4<=$O28)),6,AND(AND($AB$4>=$M28,$AB$4<=$N28)),5,AND(OR($AB$4<$M28,$AB$4>$N28)),0) -> 0 | AC28: =_xlfn.IFS(AND(AND($AC$4>=$H28,$AC$4<=$O28)),6,AND(AND($AC$4>=$M28,$AC$4<=$N28)),5,AND(OR($AC$4<$M28,$AC$4>$N28)),0) -> 0 | AD28: =_xlfn.IFS(AND(AND($AD$4>=$H28,$AD$4<=$O28)),6,AND(AND($AD$4>=$M28,$AD$4<=$N28)),5,AND(OR($AD$4<$M28,$AD$4>$N28)),0) -> 0 | AE28: =_xlfn.IFS(AND(AND($AE$4>=$H28,$AE$4<=$O28)),6,AND(AND($AE$4>=$M28,$AE$4<=$N28)),5,AND(OR($AE$4<$M28,$AE$4>$N28)),0) -> 0 | AF28: =_xlfn.IFS(AND(AND($AF$4>=$H28,$AF$4<=$O28)),6,AND(AND($AF$4>=$M28,$AF$4<=$N28)),5,AND(OR($AF$4<$M28,$AF$4>$N28)),0) -> 0 | AG28: =_xlfn.IFS(AND(AND($AG$4>=$H28,$AG$4<=$O28)),6,AND(AND($AG$4>=$M28,$AG$4<=$N28)),5,AND(OR($AG$4<$M28,$AG$4>$N28)),0) -> 0 | AH28: =_xlfn.IFS(AND(AND($AH$4>=$H28,$AH$4<=$O28)),6,AND(AND($AH$4>=$M28,$AH$4<=$N28)),5,AND(OR($AH$4<$M28,$AH$4>$N28)),0) -> 0 | AI28: =_xlfn.IFS(AND(AND($AI$4>=$H28,$AI$4<=$O28)),6,AND(AND($AI$4>=$M28,$AI$4<=$N28)),5,AND(OR($AI$4<$M28,$AI$4>$N28)),0) -> 0 | AJ28: =_xlfn.IFS(AND(AND($AJ$4>=$H28,$AJ$4<=$O28)),6,AND(AND($AJ$4>=$M28,$AJ$4<=$N28)),5,AND(OR($AJ$4<$M28,$AJ$4>$N28)),0) -> 0 | AK28: =_xlfn.IFS(AND(AND($AK$4>=$H28,$AK$4<=$O28)),6,AND(AND($AK$4>=$M28,$AK$4<=$N28)),5,AND(OR($AK$4<$M28,$AK$4>$N28)),0) -> 0 | AL28: =_xlfn.IFS(AND(AND($AL$4>=$H28,$AL$4<=$O28)),6,AND(AND($AL$4>=$M28,$AL$4<=$N28)),5,AND(OR($AL$4<$M28,$AL$4>$N28)),0) -> 0 | AM28: =_xlfn.IFS(AND(AND($AM$4>=$H28,$AM$4<=$O28)),6,AND(AND($AM$4>=$M28,$AM$4<=$N28)),5,AND(OR($AM$4<$M28,$AM$4>$N28)),0) -> 0 | AN28: =_xlfn.IFS(AND(AND($AN$4>=$H28,$AN$4<=$O28)),6,AND(AND($AN$4>=$M28,$AN$4<=$N28)),5,AND(OR($AN$4<$M28,$AN$4>$N28)),0) -> 0 | AO28: =_xlfn.IFS(AND(AND($AO$4>=$H28,$AO$4<=$O28)),6,AND(AND($AO$4>=$M28,$AO$4<=$N28)),5,AND(OR($AO$4<$M28,$AO$4>$N28)),0) -> 0 | AQ28: 3 | AR28: BAR_01 | BU28: =#REF! -> #REF!
B29: 25 | C29: 3 | D29: BARREN | E29: BAR_02 | F29: Enhance sustainable water management | H29: _ | I29: 0.01 | J29: 1 | M29: =H29 -> _ | N29: ='Project types'!$W$6 -> 2050 | O29: =IF(G29=1,(H29-1)+'Project types'!N30,IF(G29=2,H29-1,9999)) -> 9999 | P29: =_xlfn.IFS(AND(AND($P$4>=$H29,$P$4<=$O29)),6,AND(AND($P$4>=$M29,$P$4<=$N29)),5,AND(OR($P$4<$M29,$P$4>$N29)),0) -> 0 | Q29: =_xlfn.IFS(AND(AND($Q$4>=$H29,$Q$4<=$O29)),6,AND(AND($Q$4>=$M29,$Q$4<=$N29)),5,AND(OR($Q$4<$M29,$Q$4>$N29)),0) -> 0 | R29: =_xlfn.IFS(AND(AND($R$4>=$H29,$R$4<=$O29)),6,AND(AND($R$4>=$M29,$R$4<=$N29)),5,AND(OR($R$4<$M29,$R$4>$N29)),0) -> 0 | S29: =_xlfn.IFS(AND(AND($S$4>=$H29,$S$4<=$O29)),6,AND(AND($S$4>=$M29,$S$4<=$N29)),5,AND(OR($S$4<$M29,$S$4>$N29)),0) -> 0 | T29: =_xlfn.IFS(AND(AND($T$4>=$H29,$T$4<=$O29)),6,AND(AND($T$4>=$M29,$T$4<=$N29)),5,AND(OR($T$4<$M29,$T$4>$N29)),0) -> 0 | U29: =_xlfn.IFS(AND(AND($U$4>=$H29,$U$4<=$O29)),6,AND(AND($U$4>=$M29,$U$4<=$N29)),5,AND(OR($U$4<$M29,$U$4>$N29)),0) -> 0 | V29: =_xlfn.IFS(AND(AND($V$4>=$H29,$V$4<=$O29)),6,AND(AND($V$4>=$M29,$V$4<=$N29)),5,AND(OR($V$4<$M29,$V$4>$N29)),0) -> 0 | W29: =_xlfn.IFS(AND(AND($W$4>=$H29,$W$4<=$O29)),6,AND(AND($W$4>=$M29,$W$4<=$N29)),5,AND(OR($W$4<$M29,$W$4>$N29)),0) -> 0 | X29: =_xlfn.IFS(AND(AND($X$4>=$H29,$X$4<=$O29)),6,AND(AND($X$4>=$M29,$X$4<=$N29)),5,AND(OR($X$4<$M29,$X$4>$N29)),0) -> 0 | Y29: =_xlfn.IFS(AND(AND($Y$4>=$H29,$Y$4<=$O29)),6,AND(AND($Y$4>=$M29,$Y$4<=$N29)),5,AND(OR($Y$4<$M29,$Y$4>$N29)),0) -> 0 | Z29: =_xlfn.IFS(AND(AND($Z$4>=$H29,$Z$4<=$O29)),6,AND(AND($Z$4>=$M29,$Z$4<=$N29)),5,AND(OR($Z$4<$M29,$Z$4>$N29)),0) -> 0 | AA29: =_xlfn.IFS(AND(AND($AA$4>=$H29,$AA$4<=$O29)),6,AND(AND($AA$4>=$M29,$AA$4<=$N29)),5,AND(OR($AA$4<$M29,$AA$4>$N29)),0) -> 0 | AB29: =_xlfn.IFS(AND(AND($AB$4>=$H29,$AB$4<=$O29)),6,AND(AND($AB$4>=$M29,$AB$4<=$N29)),5,AND(OR($AB$4<$M29,$AB$4>$N29)),0) -> 0 | AC29: =_xlfn.IFS(AND(AND($AC$4>=$H29,$AC$4<=$O29)),6,AND(AND($AC$4>=$M29,$AC$4<=$N29)),5,AND(OR($AC$4<$M29,$AC$4>$N29)),0) -> 0 | AD29: =_xlfn.IFS(AND(AND($AD$4>=$H29,$AD$4<=$O29)),6,AND(AND($AD$4>=$M29,$AD$4<=$N29)),5,AND(OR($AD$4<$M29,$AD$4>$N29)),0) -> 0 | AE29: =_xlfn.IFS(AND(AND($AE$4>=$H29,$AE$4<=$O29)),6,AND(AND($AE$4>=$M29,$AE$4<=$N29)),5,AND(OR($AE$4<$M29,$AE$4>$N29)),0) -> 0 | AF29: =_xlfn.IFS(AND(AND($AF$4>=$H29,$AF$4<=$O29)),6,AND(AND($AF$4>=$M29,$AF$4<=$N29)),5,AND(OR($AF$4<$M29,$AF$4>$N29)),0) -> 0 | AG29: =_xlfn.IFS(AND(AND($AG$4>=$H29,$AG$4<=$O29)),6,AND(AND($AG$4>=$M29,$AG$4<=$N29)),5,AND(OR($AG$4<$M29,$AG$4>$N29)),0) -> 0 | AH29: =_xlfn.IFS(AND(AND($AH$4>=$H29,$AH$4<=$O29)),6,AND(AND($AH$4>=$M29,$AH$4<=$N29)),5,AND(OR($AH$4<$M29,$AH$4>$N29)),0) -> 0 | AI29: =_xlfn.IFS(AND(AND($AI$4>=$H29,$AI$4<=$O29)),6,AND(AND($AI$4>=$M29,$AI$4<=$N29)),5,AND(OR($AI$4<$M29,$AI$4>$N29)),0) -> 0 | AJ29: =_xlfn.IFS(AND(AND($AJ$4>=$H29,$AJ$4<=$O29)),6,AND(AND($AJ$4>=$M29,$AJ$4<=$N29)),5,AND(OR($AJ$4<$M29,$AJ$4>$N29)),0) -> 0 | AK29: =_xlfn.IFS(AND(AND($AK$4>=$H29,$AK$4<=$O29)),6,AND(AND($AK$4>=$M29,$AK$4<=$N29)),5,AND(OR($AK$4<$M29,$AK$4>$N29)),0) -> 0 | AL29: =_xlfn.IFS(AND(AND($AL$4>=$H29,$AL$4<=$O29)),6,AND(AND($AL$4>=$M29,$AL$4<=$N29)),5,AND(OR($AL$4<$M29,$AL$4>$N29)),0) -> 0 | AM29: =_xlfn.IFS(AND(AND($AM$4>=$H29,$AM$4<=$O29)),6,AND(AND($AM$4>=$M29,$AM$4<=$N29)),5,AND(OR($AM$4<$M29,$AM$4>$N29)),0) -> 0 | AN29: =_xlfn.IFS(AND(AND($AN$4>=$H29,$AN$4<=$O29)),6,AND(AND($AN$4>=$M29,$AN$4<=$N29)),5,AND(OR($AN$4<$M29,$AN$4>$N29)),0) -> 0 | AO29: =_xlfn.IFS(AND(AND($AO$4>=$H29,$AO$4<=$O29)),6,AND(AND($AO$4>=$M29,$AO$4<=$N29)),5,AND(OR($AO$4<$M29,$AO$4>$N29)),0) -> 0 | AQ29: 3 | AR29: BAR_02 | BU29: =#REF! -> #REF!
B30: 26 | C30: 3 | D30: BARREN | E30: BAR_03 | F30: Enhance wetlands management | H30: _ | I30: 0.01 | J30: 1 | M30: =H30 -> _ | N30: ='Project types'!$W$6 -> 2050 | O30: =IF(G30=1,(H30-1)+'Project types'!N31,IF(G30=2,H30-1,9999)) -> 9999 | P30: =_xlfn.IFS(AND(AND($P$4>=$H30,$P$4<=$O30)),6,AND(AND($P$4>=$M30,$P$4<=$N30)),5,AND(OR($P$4<$M30,$P$4>$N30)),0) -> 0 | Q30: =_xlfn.IFS(AND(AND($Q$4>=$H30,$Q$4<=$O30)),6,AND(AND($Q$4>=$M30,$Q$4<=$N30)),5,AND(OR($Q$4<$M30,$Q$4>$N30)),0) -> 0 | R30: =_xlfn.IFS(AND(AND($R$4>=$H30,$R$4<=$O30)),6,AND(AND($R$4>=$M30,$R$4<=$N30)),5,AND(OR($R$4<$M30,$R$4>$N30)),0) -> 0 | S30: =_xlfn.IFS(AND(AND($S$4>=$H30,$S$4<=$O30)),6,AND(AND($S$4>=$M30,$S$4<=$N30)),5,AND(OR($S$4<$M30,$S$4>$N30)),0) -> 0 | T30: =_xlfn.IFS(AND(AND($T$4>=$H30,$T$4<=$O30)),6,AND(AND($T$4>=$M30,$T$4<=$N30)),5,AND(OR($T$4<$M30,$T$4>$N30)),0) -> 0 | U30: =_xlfn.IFS(AND(AND($U$4>=$H30,$U$4<=$O30)),6,AND(AND($U$4>=$M30,$U$4<=$N30)),5,AND(OR($U$4<$M30,$U$4>$N30)),0) -> 0 | V30: =_xlfn.IFS(AND(AND($V$4>=$H30,$V$4<=$O30)),6,AND(AND($V$4>=$M30,$V$4<=$N30)),5,AND(OR($V$4<$M30,$V$4>$N30)),0) -> 0 | W30: =_xlfn.IFS(AND(AND($W$4>=$H30,$W$4<=$O30)),6,AND(AND($W$4>=$M30,$W$4<=$N30)),5,AND(OR($W$4<$M30,$W$4>$N30)),0) -> 0 | X30: =_xlfn.IFS(AND(AND($X$4>=$H30,$X$4<=$O30)),6,AND(AND($X$4>=$M30,$X$4<=$N30)),5,AND(OR($X$4<$M30,$X$4>$N30)),0) -> 0 | Y30: =_xlfn.IFS(AND(AND($Y$4>=$H30,$Y$4<=$O30)),6,AND(AND($Y$4>=$M30,$Y$4<=$N30)),5,AND(OR($Y$4<$M30,$Y$4>$N30)),0) -> 0 | Z30: =_xlfn.IFS(AND(AND($Z$4>=$H30,$Z$4<=$O30)),6,AND(AND($Z$4>=$M30,$Z$4<=$N30)),5,AND(OR($Z$4<$M30,$Z$4>$N30)),0) -> 0 | AA30: =_xlfn.IFS(AND(AND($AA$4>=$H30,$AA$4<=$O30)),6,AND(AND($AA$4>=$M30,$AA$4<=$N30)),5,AND(OR($AA$4<$M30,$AA$4>$N30)),0) -> 0 | AB30: =_xlfn.IFS(AND(AND($AB$4>=$H30,$AB$4<=$O30)),6,AND(AND($AB$4>=$M30,$AB$4<=$N30)),5,AND(OR($AB$4<$M30,$AB$4>$N30)),0) -> 0 | AC30: =_xlfn.IFS(AND(AND($AC$4>=$H30,$AC$4<=$O30)),6,AND(AND($AC$4>=$M30,$AC$4<=$N30)),5,AND(OR($AC$4<$M30,$AC$4>$N30)),0) -> 0 | AD30: =_xlfn.IFS(AND(AND($AD$4>=$H30,$AD$4<=$O30)),6,AND(AND($AD$4>=$M30,$AD$4<=$N30)),5,AND(OR($AD$4<$M30,$AD$4>$N30)),0) -> 0 | AE30: =_xlfn.IFS(AND(AND($AE$4>=$H30,$AE$4<=$O30)),6,AND(AND($AE$4>=$M30,$AE$4<=$N30)),5,AND(OR($AE$4<$M30,$AE$4>$N30)),0) -> 0 | AF30: =_xlfn.IFS(AND(AND($AF$4>=$H30,$AF$4<=$O30)),6,AND(AND($AF$4>=$M30,$AF$4<=$N30)),5,AND(OR($AF$4<$M30,$AF$4>$N30)),0) -> 0 | AG30: =_xlfn.IFS(AND(AND($AG$4>=$H30,$AG$4<=$O30)),6,AND(AND($AG$4>=$M30,$AG$4<=$N30)),5,AND(OR($AG$4<$M30,$AG$4>$N30)),0) -> 0 | AH30: =_xlfn.IFS(AND(AND($AH$4>=$H30,$AH$4<=$O30)),6,AND(AND($AH$4>=$M30,$AH$4<=$N30)),5,AND(OR($AH$4<$M30,$AH$4>$N30)),0) -> 0 | AI30: =_xlfn.IFS(AND(AND($AI$4>=$H30,$AI$4<=$O30)),6,AND(AND($AI$4>=$M30,$AI$4<=$N30)),5,AND(OR($AI$4<$M30,$AI$4>$N30)),0) -> 0 | AJ30: =_xlfn.IFS(AND(AND($AJ$4>=$H30,$AJ$4<=$O30)),6,AND(AND($AJ$4>=$M30,$AJ$4<=$N30)),5,AND(OR($AJ$4<$M30,$AJ$4>$N30)),0) -> 0 | AK30: =_xlfn.IFS(AND(AND($AK$4>=$H30,$AK$4<=$O30)),6,AND(AND($AK$4>=$M30,$AK$4<=$N30)),5,AND(OR($AK$4<$M30,$AK$4>$N30)),0) -> 0 | AL30: =_xlfn.IFS(AND(AND($AL$4>=$H30,$AL$4<=$O30)),6,AND(AND($AL$4>=$M30,$AL$4<=$N30)),5,AND(OR($AL$4<$M30,$AL$4>$N30)),0) -> 0 | AM30: =_xlfn.IFS(AND(AND($AM$4>=$H30,$AM$4<=$O30)),6,AND(AND($AM$4>=$M30,$AM$4<=$N30)),5,AND(OR($AM$4<$M30,$AM$4>$N30)),0) -> 0 | AN30: =_xlfn.IFS(AND(AND($AN$4>=$H30,$AN$4<=$O30)),6,AND(AND($AN$4>=$M30,$AN$4<=$N30)),5,AND(OR($AN$4<$M30,$AN$4>$N30)),0) -> 0 | AO30: =_xlfn.IFS(AND(AND($AO$4>=$H30,$AO$4<=$O30)),6,AND(AND($AO$4>=$M30,$AO$4<=$N30)),5,AND(OR($AO$4<$M30,$AO$4>$N30)),0) -> 0 | AQ30: 3 | AR30: BAR_03 | BU30: =#REF! -> #REF!
B31: 27 | C31: 3 | D31: BARREN | E31: BAR_04 | F31: Enhance sustainable soil management | H31: _ | I31: 0.01 | J31: 1 | M31: =H31 -> _ | N31: ='Project types'!$W$6 -> 2050 | O31: =IF(G31=1,(H31-1)+'Project types'!N32,IF(G31=2,H31-1,9999)) -> 9999 | P31: =_xlfn.IFS(AND(AND($P$4>=$H31,$P$4<=$O31)),6,AND(AND($P$4>=$M31,$P$4<=$N31)),5,AND(OR($P$4<$M31,$P$4>$N31)),0) -> 0 | Q31: =_xlfn.IFS(AND(AND($Q$4>=$H31,$Q$4<=$O31)),6,AND(AND($Q$4>=$M31,$Q$4<=$N31)),5,AND(OR($Q$4<$M31,$Q$4>$N31)),0) -> 0 | R31: =_xlfn.IFS(AND(AND($R$4>=$H31,$R$4<=$O31)),6,AND(AND($R$4>=$M31,$R$4<=$N31)),5,AND(OR($R$4<$M31,$R$4>$N31)),0) -> 0 | S31: =_xlfn.IFS(AND(AND($S$4>=$H31,$S$4<=$O31)),6,AND(AND($S$4>=$M31,$S$4<=$N31)),5,AND(OR($S$4<$M31,$S$4>$N31)),0) -> 0 | T31: =_xlfn.IFS(AND(AND($T$4>=$H31,$T$4<=$O31)),6,AND(AND($T$4>=$M31,$T$4<=$N31)),5,AND(OR($T$4<$M31,$T$4>$N31)),0) -> 0 | U31: =_xlfn.IFS(AND(AND($U$4>=$H31,$U$4<=$O31)),6,AND(AND($U$4>=$M31,$U$4<=$N31)),5,AND(OR($U$4<$M31,$U$4>$N31)),0) -> 0 | V31: =_xlfn.IFS(AND(AND($V$4>=$H31,$V$4<=$O31)),6,AND(AND($V$4>=$M31,$V$4<=$N31)),5,AND(OR($V$4<$M31,$V$4>$N31)),0) -> 0 | W31: =_xlfn.IFS(AND(AND($W$4>=$H31,$W$4<=$O31)),6,AND(AND($W$4>=$M31,$W$4<=$N31)),5,AND(OR($W$4<$M31,$W$4>$N31)),0) -> 0 | X31: =_xlfn.IFS(AND(AND($X$4>=$H31,$X$4<=$O31)),6,AND(AND($X$4>=$M31,$X$4<=$N31)),5,AND(OR($X$4<$M31,$X$4>$N31)),0) -> 0 | Y31: =_xlfn.IFS(AND(AND($Y$4>=$H31,$Y$4<=$O31)),6,AND(AND($Y$4>=$M31,$Y$4<=$N31)),5,AND(OR($Y$4<$M31,$Y$4>$N31)),0) -> 0 | Z31: =_xlfn.IFS(AND(AND($Z$4>=$H31,$Z$4<=$O31)),6,AND(AND($Z$4>=$M31,$Z$4<=$N31)),5,AND(OR($Z$4<$M31,$Z$4>$N31)),0) -> 0 | AA31: =_xlfn.IFS(AND(AND($AA$4>=$H31,$AA$4<=$O31)),6,AND(AND($AA$4>=$M31,$AA$4<=$N31)),5,AND(OR($AA$4<$M31,$AA$4>$N31)),0) -> 0 | AB31: =_xlfn.IFS(AND(AND($AB$4>=$H31,$AB$4<=$O31)),6,AND(AND($AB$4>=$M31,$AB$4<=$N31)),5,AND(OR($AB$4<$M31,$AB$4>$N31)),0) -> 0 | AC31: =_xlfn.IFS(AND(AND($AC$4>=$H31,$AC$4<=$O31)),6,AND(AND($AC$4>=$M31,$AC$4<=$N31)),5,AND(OR($AC$4<$M31,$AC$4>$N31)),0) -> 0 | AD31: =_xlfn.IFS(AND(AND($AD$4>=$H31,$AD$4<=$O31)),6,AND(AND($AD$4>=$M31,$AD$4<=$N31)),5,AND(OR($AD$4<$M31,$AD$4>$N31)),0) -> 0 | AE31: =_xlfn.IFS(AND(AND($AE$4>=$H31,$AE$4<=$O31)),6,AND(AND($AE$4>=$M31,$AE$4<=$N31)),5,AND(OR($AE$4<$M31,$AE$4>$N31)),0) -> 0 | AF31: =_xlfn.IFS(AND(AND($AF$4>=$H31,$AF$4<=$O31)),6,AND(AND($AF$4>=$M31,$AF$4<=$N31)),5,AND(OR($AF$4<$M31,$AF$4>$N31)),0) -> 0 | AG31: =_xlfn.IFS(AND(AND($AG$4>=$H31,$AG$4<=$O31)),6,AND(AND($AG$4>=$M31,$AG$4<=$N31)),5,AND(OR($AG$4<$M31,$AG$4>$N31)),0) -> 0 | AH31: =_xlfn.IFS(AND(AND($AH$4>=$H31,$AH$4<=$O31)),6,AND(AND($AH$4>=$M31,$AH$4<=$N31)),5,AND(OR($AH$4<$M31,$AH$4>$N31)),0) -> 0 | AI31: =_xlfn.IFS(AND(AND($AI$4>=$H31,$AI$4<=$O31)),6,AND(AND($AI$4>=$M31,$AI$4<=$N31)),5,AND(OR($AI$4<$M31,$AI$4>$N31)),0) -> 0 | AJ31: =_xlfn.IFS(AND(AND($AJ$4>=$H31,$AJ$4<=$O31)),6,AND(AND($AJ$4>=$M31,$AJ$4<=$N31)),5,AND(OR($AJ$4<$M31,$AJ$4>$N31)),0) -> 0 | AK31: =_xlfn.IFS(AND(AND($AK$4>=$H31,$AK$4<=$O31)),6,AND(AND($AK$4>=$M31,$AK$4<=$N31)),5,AND(OR($AK$4<$M31,$AK$4>$N31)),0) -> 0 | AL31: =_xlfn.IFS(AND(AND($AL$4>=$H31,$AL$4<=$O31)),6,AND(AND($AL$4>=$M31,$AL$4<=$N31)),5,AND(OR($AL$4<$M31,$AL$4>$N31)),0) -> 0 | AM31: =_xlfn.IFS(AND(AND($AM$4>=$H31,$AM$4<=$O31)),6,AND(AND($AM$4>=$M31,$AM$4<=$N31)),5,AND(OR($AM$4<$M31,$AM$4>$N31)),0) -> 0 | AN31: =_xlfn.IFS(AND(AND($AN$4>=$H31,$AN$4<=$O31)),6,AND(AND($AN$4>=$M31,$AN$4<=$N31)),5,AND(OR($AN$4<$M31,$AN$4>$N31)),0) -> 0 | AO31: =_xlfn.IFS(AND(AND($AO$4>=$H31,$AO$4<=$O31)),6,AND(AND($AO$4>=$M31,$AO$4<=$N31)),5,AND(OR($AO$4<$M31,$AO$4>$N31)),0) -> 0 | AQ31: 3 | AR31: BAR_04 | BU31: =#REF! -> #REF!
B32: 28 | C32: 3 | D32: BARREN | E32: BAR_05 | F32: Afforestation | H32: _ | I32: 0.01 | J32: 1 | M32: =H32 -> _ | N32: ='Project types'!$W$6 -> 2050 | O32: =IF(G32=1,(H32-1)+'Project types'!N33,IF(G32=2,H32-1,9999)) -> 9999 | P32: =_xlfn.IFS(AND(AND($P$4>=$H32,$P$4<=$O32)),6,AND(AND($P$4>=$M32,$P$4<=$N32)),5,AND(OR($P$4<$M32,$P$4>$N32)),0) -> 0 | Q32: =_xlfn.IFS(AND(AND($Q$4>=$H32,$Q$4<=$O32)),6,AND(AND($Q$4>=$M32,$Q$4<=$N32)),5,AND(OR($Q$4<$M32,$Q$4>$N32)),0) -> 0 | R32: =_xlfn.IFS(AND(AND($R$4>=$H32,$R$4<=$O32)),6,AND(AND($R$4>=$M32,$R$4<=$N32)),5,AND(OR($R$4<$M32,$R$4>$N32)),0) -> 0 | S32: =_xlfn.IFS(AND(AND($S$4>=$H32,$S$4<=$O32)),6,AND(AND($S$4>=$M32,$S$4<=$N32)),5,AND(OR($S$4<$M32,$S$4>$N32)),0) -> 0 | T32: =_xlfn.IFS(AND(AND($T$4>=$H32,$T$4<=$O32)),6,AND(AND($T$4>=$M32,$T$4<=$N32)),5,AND(OR($T$4<$M32,$T$4>$N32)),0) -> 0 | U32: =_xlfn.IFS(AND(AND($U$4>=$H32,$U$4<=$O32)),6,AND(AND($U$4>=$M32,$U$4<=$N32)),5,AND(OR($U$4<$M32,$U$4>$N32)),0) -> 0 | V32: =_xlfn.IFS(AND(AND($V$4>=$H32,$V$4<=$O32)),6,AND(AND($V$4>=$M32,$V$4<=$N32)),5,AND(OR($V$4<$M32,$V$4>$N32)),0) -> 0 | W32: =_xlfn.IFS(AND(AND($W$4>=$H32,$W$4<=$O32)),6,AND(AND($W$4>=$M32,$W$4<=$N32)),5,AND(OR($W$4<$M32,$W$4>$N32)),0) -> 0 | X32: =_xlfn.IFS(AND(AND($X$4>=$H32,$X$4<=$O32)),6,AND(AND($X$4>=$M32,$X$4<=$N32)),5,AND(OR($X$4<$M32,$X$4>$N32)),0) -> 0 | Y32: =_xlfn.IFS(AND(AND($Y$4>=$H32,$Y$4<=$O32)),6,AND(AND($Y$4>=$M32,$Y$4<=$N32)),5,AND(OR($Y$4<$M32,$Y$4>$N32)),0) -> 0 | Z32: =_xlfn.IFS(AND(AND($Z$4>=$H32,$Z$4<=$O32)),6,AND(AND($Z$4>=$M32,$Z$4<=$N32)),5,AND(OR($Z$4<$M32,$Z$4>$N32)),0) -> 0 | AA32: =_xlfn.IFS(AND(AND($AA$4>=$H32,$AA$4<=$O32)),6,AND(AND($AA$4>=$M32,$AA$4<=$N32)),5,AND(OR($AA$4<$M32,$AA$4>$N32)),0) -> 0 | AB32: =_xlfn.IFS(AND(AND($AB$4>=$H32,$AB$4<=$O32)),6,AND(AND($AB$4>=$M32,$AB$4<=$N32)),5,AND(OR($AB$4<$M32,$AB$4>$N32)),0) -> 0 | AC32: =_xlfn.IFS(AND(AND($AC$4>=$H32,$AC$4<=$O32)),6,AND(AND($AC$4>=$M32,$AC$4<=$N32)),5,AND(OR($AC$4<$M32,$AC$4>$N32)),0) -> 0 | AD32: =_xlfn.IFS(AND(AND($AD$4>=$H32,$AD$4<=$O32)),6,AND(AND($AD$4>=$M32,$AD$4<=$N32)),5,AND(OR($AD$4<$M32,$AD$4>$N32)),0) -> 0 | AE32: =_xlfn.IFS(AND(AND($AE$4>=$H32,$AE$4<=$O32)),6,AND(AND($AE$4>=$M32,$AE$4<=$N32)),5,AND(OR($AE$4<$M32,$AE$4>$N32)),0) -> 0 | AF32: =_xlfn.IFS(AND(AND($AF$4>=$H32,$AF$4<=$O32)),6,AND(AND($AF$4>=$M32,$AF$4<=$N32)),5,AND(OR($AF$4<$M32,$AF$4>$N32)),0) -> 0 | AG32: =_xlfn.IFS(AND(AND($AG$4>=$H32,$AG$4<=$O32)),6,AND(AND($AG$4>=$M32,$AG$4<=$N32)),5,AND(OR($AG$4<$M32,$AG$4>$N32)),0) -> 0 | AH32: =_xlfn.IFS(AND(AND($AH$4>=$H32,$AH$4<=$O32)),6,AND(AND($AH$4>=$M32,$AH$4<=$N32)),5,AND(OR($AH$4<$M32,$AH$4>$N32)),0) -> 0 | AI32: =_xlfn.IFS(AND(AND($AI$4>=$H32,$AI$4<=$O32)),6,AND(AND($AI$4>=$M32,$AI$4<=$N32)),5,AND(OR($AI$4<$M32,$AI$4>$N32)),0) -> 0 | AJ32: =_xlfn.IFS(AND(AND($AJ$4>=$H32,$AJ$4<=$O32)),6,AND(AND($AJ$4>=$M32,$AJ$4<=$N32)),5,AND(OR($AJ$4<$M32,$AJ$4>$N32)),0) -> 0 | AK32: =_xlfn.IFS(AND(AND($AK$4>=$H32,$AK$4<=$O32)),6,AND(AND($AK$4>=$M32,$AK$4<=$N32)),5,AND(OR($AK$4<$M32,$AK$4>$N32)),0) -> 0 | AL32: =_xlfn.IFS(AND(AND($AL$4>=$H32,$AL$4<=$O32)),6,AND(AND($AL$4>=$M32,$AL$4<=$N32)),5,AND(OR($AL$4<$M32,$AL$4>$N32)),0) -> 0 | AM32: =_xlfn.IFS(AND(AND($AM$4>=$H32,$AM$4<=$O32)),6,AND(AND($AM$4>=$M32,$AM$4<=$N32)),5,AND(OR($AM$4<$M32,$AM$4>$N32)),0) -> 0 | AN32: =_xlfn.IFS(AND(AND($AN$4>=$H32,$AN$4<=$O32)),6,AND(AND($AN$4>=$M32,$AN$4<=$N32)),5,AND(OR($AN$4<$M32,$AN$4>$N32)),0) -> 0 | AO32: =_xlfn.IFS(AND(AND($AO$4>=$H32,$AO$4<=$O32)),6,AND(AND($AO$4>=$M32,$AO$4<=$N32)),5,AND(OR($AO$4<$M32,$AO$4>$N32)),0) -> 0 | AQ32: 3 | AR32: BAR_05 | BU32: =#REF! -> #REF!
B33: 29 | C33: 3 | D33: BARREN | E33: BAR_06 | F33: Adopt sustainable agro-forestry management | H33: _ | I33: 0.01 | J33: 1 | M33: =H33 -> _ | N33: ='Project types'!$W$6 -> 2050 | O33: =IF(G33=1,(H33-1)+'Project types'!N34,IF(G33=2,H33-1,9999)) -> 9999 | P33: =_xlfn.IFS(AND(AND($P$4>=$H33,$P$4<=$O33)),6,AND(AND($P$4>=$M33,$P$4<=$N33)),5,AND(OR($P$4<$M33,$P$4>$N33)),0) -> 0 | Q33: =_xlfn.IFS(AND(AND($Q$4>=$H33,$Q$4<=$O33)),6,AND(AND($Q$4>=$M33,$Q$4<=$N33)),5,AND(OR($Q$4<$M33,$Q$4>$N33)),0) -> 0 | R33: =_xlfn.IFS(AND(AND($R$4>=$H33,$R$4<=$O33)),6,AND(AND($R$4>=$M33,$R$4<=$N33)),5,AND(OR($R$4<$M33,$R$4>$N33)),0) -> 0 | S33: =_xlfn.IFS(AND(AND($S$4>=$H33,$S$4<=$O33)),6,AND(AND($S$4>=$M33,$S$4<=$N33)),5,AND(OR($S$4<$M33,$S$4>$N33)),0) -> 0 | T33: =_xlfn.IFS(AND(AND($T$4>=$H33,$T$4<=$O33)),6,AND(AND($T$4>=$M33,$T$4<=$N33)),5,AND(OR($T$4<$M33,$T$4>$N33)),0) -> 0 | U33: =_xlfn.IFS(AND(AND($U$4>=$H33,$U$4<=$O33)),6,AND(AND($U$4>=$M33,$U$4<=$N33)),5,AND(OR($U$4<$M33,$U$4>$N33)),0) -> 0 | V33: =_xlfn.IFS(AND(AND($V$4>=$H33,$V$4<=$O33)),6,AND(AND($V$4>=$M33,$V$4<=$N33)),5,AND(OR($V$4<$M33,$V$4>$N33)),0) -> 0 | W33: =_xlfn.IFS(AND(AND($W$4>=$H33,$W$4<=$O33)),6,AND(AND($W$4>=$M33,$W$4<=$N33)),5,AND(OR($W$4<$M33,$W$4>$N33)),0) -> 0 | X33: =_xlfn.IFS(AND(AND($X$4>=$H33,$X$4<=$O33)),6,AND(AND($X$4>=$M33,$X$4<=$N33)),5,AND(OR($X$4<$M33,$X$4>$N33)),0) -> 0 | Y33: =_xlfn.IFS(AND(AND($Y$4>=$H33,$Y$4<=$O33)),6,AND(AND($Y$4>=$M33,$Y$4<=$N33)),5,AND(OR($Y$4<$M33,$Y$4>$N33)),0) -> 0 | Z33: =_xlfn.IFS(AND(AND($Z$4>=$H33,$Z$4<=$O33)),6,AND(AND($Z$4>=$M33,$Z$4<=$N33)),5,AND(OR($Z$4<$M33,$Z$4>$N33)),0) -> 0 | AA33: =_xlfn.IFS(AND(AND($AA$4>=$H33,$AA$4<=$O33)),6,AND(AND($AA$4>=$M33,$AA$4<=$N33)),5,AND(OR($AA$4<$M33,$AA$4>$N33)),0) -> 0 | AB33: =_xlfn.IFS(AND(AND($AB$4>=$H33,$AB$4<=$O33)),6,AND(AND($AB$4>=$M33,$AB$4<=$N33)),5,AND(OR($AB$4<$M33,$AB$4>$N33)),0) -> 0 | AC33: =_xlfn.IFS(AND(AND($AC$4>=$H33,$AC$4<=$O33)),6,AND(AND($AC$4>=$M33,$AC$4<=$N33)),5,AND(OR($AC$4<$M33,$AC$4>$N33)),0) -> 0 | AD33: =_xlfn.IFS(AND(AND($AD$4>=$H33,$AD$4<=$O33)),6,AND(AND($AD$4>=$M33,$AD$4<=$N33)),5,AND(OR($AD$4<$M33,$AD$4>$N33)),0) -> 0 | AE33: =_xlfn.IFS(AND(AND($AE$4>=$H33,$AE$4<=$O33)),6,AND(AND($AE$4>=$M33,$AE$4<=$N33)),5,AND(OR($AE$4<$M33,$AE$4>$N33)),0) -> 0 | AF33: =_xlfn.IFS(AND(AND($AF$4>=$H33,$AF$4<=$O33)),6,AND(AND($AF$4>=$M33,$AF$4<=$N33)),5,AND(OR($AF$4<$M33,$AF$4>$N33)),0) -> 0 | AG33: =_xlfn.IFS(AND(AND($AG$4>=$H33,$AG$4<=$O33)),6,AND(AND($AG$4>=$M33,$AG$4<=$N33)),5,AND(OR($AG$4<$M33,$AG$4>$N33)),0) -> 0 | AH33: =_xlfn.IFS(AND(AND($AH$4>=$H33,$AH$4<=$O33)),6,AND(AND($AH$4>=$M33,$AH$4<=$N33)),5,AND(OR($AH$4<$M33,$AH$4>$N33)),0) -> 0 | AI33: =_xlfn.IFS(AND(AND($AI$4>=$H33,$AI$4<=$O33)),6,AND(AND($AI$4>=$M33,$AI$4<=$N33)),5,AND(OR($AI$4<$M33,$AI$4>$N33)),0) -> 0 | AJ33: =_xlfn.IFS(AND(AND($AJ$4>=$H33,$AJ$4<=$O33)),6,AND(AND($AJ$4>=$M33,$AJ$4<=$N33)),5,AND(OR($AJ$4<$M33,$AJ$4>$N33)),0) -> 0 | AK33: =_xlfn.IFS(AND(AND($AK$4>=$H33,$AK$4<=$O33)),6,AND(AND($AK$4>=$M33,$AK$4<=$N33)),5,AND(OR($AK$4<$M33,$AK$4>$N33)),0) -> 0 | AL33: =_xlfn.IFS(AND(AND($AL$4>=$H33,$AL$4<=$O33)),6,AND(AND($AL$4>=$M33,$AL$4<=$N33)),5,AND(OR($AL$4<$M33,$AL$4>$N33)),0) -> 0 | AM33: =_xlfn.IFS(AND(AND($AM$4>=$H33,$AM$4<=$O33)),6,AND(AND($AM$4>=$M33,$AM$4<=$N33)),5,AND(OR($AM$4<$M33,$AM$4>$N33)),0) -> 0 | AN33: =_xlfn.IFS(AND(AND($AN$4>=$H33,$AN$4<=$O33)),6,AND(AND($AN$4>=$M33,$AN$4<=$N33)),5,AND(OR($AN$4<$M33,$AN$4>$N33)),0) -> 0 | AO33: =_xlfn.IFS(AND(AND($AO$4>=$H33,$AO$4<=$O33)),6,AND(AND($AO$4>=$M33,$AO$4<=$N33)),5,AND(OR($AO$4<$M33,$AO$4>$N33)),0) -> 0 | AQ33: 3 | AR33: BAR_06 | BU33: =#REF! -> #REF!
B34: 30 | C34: 3 | D34: BARREN | E34: BAR_07 | F34: Adopt carbon taxation for emissions, benefits for sequestration | H34: _ | I34: 0.01 | J34: 1 | M34: =H34 -> _ | N34: ='Project types'!$W$6 -> 2050 | O34: =IF(G34=1,(H34-1)+'Project types'!N35,IF(G34=2,H34-1,9999)) -> 9999 | P34: =_xlfn.IFS(AND(AND($P$4>=$H34,$P$4<=$O34)),6,AND(AND($P$4>=$M34,$P$4<=$N34)),5,AND(OR($P$4<$M34,$P$4>$N34)),0) -> 0 | Q34: =_xlfn.IFS(AND(AND($Q$4>=$H34,$Q$4<=$O34)),6,AND(AND($Q$4>=$M34,$Q$4<=$N34)),5,AND(OR($Q$4<$M34,$Q$4>$N34)),0) -> 0 | R34: =_xlfn.IFS(AND(AND($R$4>=$H34,$R$4<=$O34)),6,AND(AND($R$4>=$M34,$R$4<=$N34)),5,AND(OR($R$4<$M34,$R$4>$N34)),0) -> 0 | S34: =_xlfn.IFS(AND(AND($S$4>=$H34,$S$4<=$O34)),6,AND(AND($S$4>=$M34,$S$4<=$N34)),5,AND(OR($S$4<$M34,$S$4>$N34)),0) -> 0 | T34: =_xlfn.IFS(AND(AND($T$4>=$H34,$T$4<=$O34)),6,AND(AND($T$4>=$M34,$T$4<=$N34)),5,AND(OR($T$4<$M34,$T$4>$N34)),0) -> 0 | U34: =_xlfn.IFS(AND(AND($U$4>=$H34,$U$4<=$O34)),6,AND(AND($U$4>=$M34,$U$4<=$N34)),5,AND(OR($U$4<$M34,$U$4>$N34)),0) -> 0 | V34: =_xlfn.IFS(AND(AND($V$4>=$H34,$V$4<=$O34)),6,AND(AND($V$4>=$M34,$V$4<=$N34)),5,AND(OR($V$4<$M34,$V$4>$N34)),0) -> 0 | W34: =_xlfn.IFS(AND(AND($W$4>=$H34,$W$4<=$O34)),6,AND(AND($W$4>=$M34,$W$4<=$N34)),5,AND(OR($W$4<$M34,$W$4>$N34)),0) -> 0 | X34: =_xlfn.IFS(AND(AND($X$4>=$H34,$X$4<=$O34)),6,AND(AND($X$4>=$M34,$X$4<=$N34)),5,AND(OR($X$4<$M34,$X$4>$N34)),0) -> 0 | Y34: =_xlfn.IFS(AND(AND($Y$4>=$H34,$Y$4<=$O34)),6,AND(AND($Y$4>=$M34,$Y$4<=$N34)),5,AND(OR($Y$4<$M34,$Y$4>$N34)),0) -> 0 | Z34: =_xlfn.IFS(AND(AND($Z$4>=$H34,$Z$4<=$O34)),6,AND(AND($Z$4>=$M34,$Z$4<=$N34)),5,AND(OR($Z$4<$M34,$Z$4>$N34)),0) -> 0 | AA34: =_xlfn.IFS(AND(AND($AA$4>=$H34,$AA$4<=$O34)),6,AND(AND($AA$4>=$M34,$AA$4<=$N34)),5,AND(OR($AA$4<$M34,$AA$4>$N34)),0) -> 0 | AB34: =_xlfn.IFS(AND(AND($AB$4>=$H34,$AB$4<=$O34)),6,AND(AND($AB$4>=$M34,$AB$4<=$N34)),5,AND(OR($AB$4<$M34,$AB$4>$N34)),0) -> 0 | AC34: =_xlfn.IFS(AND(AND($AC$4>=$H34,$AC$4<=$O34)),6,AND(AND($AC$4>=$M34,$AC$4<=$N34)),5,AND(OR($AC$4<$M34,$AC$4>$N34)),0) -> 0 | AD34: =_xlfn.IFS(AND(AND($AD$4>=$H34,$AD$4<=$O34)),6,AND(AND($AD$4>=$M34,$AD$4<=$N34)),5,AND(OR($AD$4<$M34,$AD$4>$N34)),0) -> 0 | AE34: =_xlfn.IFS(AND(AND($AE$4>=$H34,$AE$4<=$O34)),6,AND(AND($AE$4>=$M34,$AE$4<=$N34)),5,AND(OR($AE$4<$M34,$AE$4>$N34)),0) -> 0 | AF34: =_xlfn.IFS(AND(AND($AF$4>=$H34,$AF$4<=$O34)),6,AND(AND($AF$4>=$M34,$AF$4<=$N34)),5,AND(OR($AF$4<$M34,$AF$4>$N34)),0) -> 0 | AG34: =_xlfn.IFS(AND(AND($AG$4>=$H34,$AG$4<=$O34)),6,AND(AND($AG$4>=$M34,$AG$4<=$N34)),5,AND(OR($AG$4<$M34,$AG$4>$N34)),0) -> 0 | AH34: =_xlfn.IFS(AND(AND($AH$4>=$H34,$AH$4<=$O34)),6,AND(AND($AH$4>=$M34,$AH$4<=$N34)),5,AND(OR($AH$4<$M34,$AH$4>$N34)),0) -> 0 | AI34: =_xlfn.IFS(AND(AND($AI$4>=$H34,$AI$4<=$O34)),6,AND(AND($AI$4>=$M34,$AI$4<=$N34)),5,AND(OR($AI$4<$M34,$AI$4>$N34)),0) -> 0 | AJ34: =_xlfn.IFS(AND(AND($AJ$4>=$H34,$AJ$4<=$O34)),6,AND(AND($AJ$4>=$M34,$AJ$4<=$N34)),5,AND(OR($AJ$4<$M34,$AJ$4>$N34)),0) -> 0 | AK34: =_xlfn.IFS(AND(AND($AK$4>=$H34,$AK$4<=$O34)),6,AND(AND($AK$4>=$M34,$AK$4<=$N34)),5,AND(OR($AK$4<$M34,$AK$4>$N34)),0) -> 0 | AL34: =_xlfn.IFS(AND(AND($AL$4>=$H34,$AL$4<=$O34)),6,AND(AND($AL$4>=$M34,$AL$4<=$N34)),5,AND(OR($AL$4<$M34,$AL$4>$N34)),0) -> 0 | AM34: =_xlfn.IFS(AND(AND($AM$4>=$H34,$AM$4<=$O34)),6,AND(AND($AM$4>=$M34,$AM$4<=$N34)),5,AND(OR($AM$4<$M34,$AM$4>$N34)),0) -> 0 | AN34: =_xlfn.IFS(AND(AND($AN$4>=$H34,$AN$4<=$O34)),6,AND(AND($AN$4>=$M34,$AN$4<=$N34)),5,AND(OR($AN$4<$M34,$AN$4>$N34)),0) -> 0 | AO34: =_xlfn.IFS(AND(AND($AO$4>=$H34,$AO$4<=$O34)),6,AND(AND($AO$4>=$M34,$AO$4<=$N34)),5,AND(OR($AO$4<$M34,$AO$4>$N34)),0) -> 0 | AQ34: 3 | AR34: BAR_07 | BU34: =#REF! -> #REF!
B35: 31 | C35: 4 | D35: FOREST AND GRASSLANDS | E35: FOR_01 | F35: Conserve Priority Areas for Species | H35: _ | I35: 1 | J35: 1 | M35: =H35 -> _ | N35: ='Project types'!$W$6 -> 2050 | O35: =IF(G35=1,(H35-1)+'Project types'!N36,IF(G35=2,H35-1,9999)) -> 9999 | P35: =_xlfn.IFS(AND(AND($P$4>=$H35,$P$4<=$O35)),8,AND(AND($P$4>=$M35,$P$4<=$N35)),7,AND(OR($P$4<$M35,$P$4>$N35)),0) -> 0 | Q35: =_xlfn.IFS(AND(AND($Q$4>=$H35,$Q$4<=$O35)),8,AND(AND($Q$4>=$M35,$Q$4<=$N35)),7,AND(OR($Q$4<$M35,$Q$4>$N35)),0) -> 0 | R35: =_xlfn.IFS(AND(AND($R$4>=$H35,$R$4<=$O35)),8,AND(AND($R$4>=$M35,$R$4<=$N35)),7,AND(OR($R$4<$M35,$R$4>$N35)),0) -> 0 | S35: =_xlfn.IFS(AND(AND($S$4>=$H35,$S$4<=$O35)),8,AND(AND($S$4>=$M35,$S$4<=$N35)),7,AND(OR($S$4<$M35,$S$4>$N35)),0) -> 0 | T35: =_xlfn.IFS(AND(AND($T$4>=$H35,$T$4<=$O35)),8,AND(AND($T$4>=$M35,$T$4<=$N35)),7,AND(OR($T$4<$M35,$T$4>$N35)),0) -> 0 | U35: =_xlfn.IFS(AND(AND($U$4>=$H35,$U$4<=$O35)),8,AND(AND($U$4>=$M35,$U$4<=$N35)),7,AND(OR($U$4<$M35,$U$4>$N35)),0) -> 0 | V35: =_xlfn.IFS(AND(AND($V$4>=$H35,$V$4<=$O35)),8,AND(AND($V$4>=$M35,$V$4<=$N35)),7,AND(OR($V$4<$M35,$V$4>$N35)),0) -> 0 | W35: =_xlfn.IFS(AND(AND($W$4>=$H35,$W$4<=$O35)),8,AND(AND($W$4>=$M35,$W$4<=$N35)),7,AND(OR($W$4<$M35,$W$4>$N35)),0) -> 0 | X35: =_xlfn.IFS(AND(AND($X$4>=$H35,$X$4<=$O35)),8,AND(AND($X$4>=$M35,$X$4<=$N35)),7,AND(OR($X$4<$M35,$X$4>$N35)),0) -> 0 | Y35: =_xlfn.IFS(AND(AND($Y$4>=$H35,$Y$4<=$O35)),8,AND(AND($Y$4>=$M35,$Y$4<=$N35)),7,AND(OR($Y$4<$M35,$Y$4>$N35)),0) -> 0 | Z35: =_xlfn.IFS(AND(AND($Z$4>=$H35,$Z$4<=$O35)),8,AND(AND($Z$4>=$M35,$Z$4<=$N35)),7,AND(OR($Z$4<$M35,$Z$4>$N35)),0) -> 0 | AA35: =_xlfn.IFS(AND(AND($AA$4>=$H35,$AA$4<=$O35)),8,AND(AND($AA$4>=$M35,$AA$4<=$N35)),7,AND(OR($AA$4<$M35,$AA$4>$N35)),0) -> 0 | AB35: =_xlfn.IFS(AND(AND($AB$4>=$H35,$AB$4<=$O35)),8,AND(AND($AB$4>=$M35,$AB$4<=$N35)),7,AND(OR($AB$4<$M35,$AB$4>$N35)),0) -> 0 | AC35: =_xlfn.IFS(AND(AND($AC$4>=$H35,$AC$4<=$O35)),8,AND(AND($AC$4>=$M35,$AC$4<=$N35)),7,AND(OR($AC$4<$M35,$AC$4>$N35)),0) -> 0 | AD35: =_xlfn.IFS(AND(AND($AD$4>=$H35,$AD$4<=$O35)),8,AND(AND($AD$4>=$M35,$AD$4<=$N35)),7,AND(OR($AD$4<$M35,$AD$4>$N35)),0) -> 0 | AE35: =_xlfn.IFS(AND(AND($AE$4>=$H35,$AE$4<=$O35)),8,AND(AND($AE$4>=$M35,$AE$4<=$N35)),7,AND(OR($AE$4<$M35,$AE$4>$N35)),0) -> 0 | AF35: =_xlfn.IFS(AND(AND($AF$4>=$H35,$AF$4<=$O35)),8,AND(AND($AF$4>=$M35,$AF$4<=$N35)),7,AND(OR($AF$4<$M35,$AF$4>$N35)),0) -> 0 | AG35: =_xlfn.IFS(AND(AND($AG$4>=$H35,$AG$4<=$O35)),8,AND(AND($AG$4>=$M35,$AG$4<=$N35)),7,AND(OR($AG$4<$M35,$AG$4>$N35)),0) -> 0 | AH35: =_xlfn.IFS(AND(AND($AH$4>=$H35,$AH$4<=$O35)),8,AND(AND($AH$4>=$M35,$AH$4<=$N35)),7,AND(OR($AH$4<$M35,$AH$4>$N35)),0) -> 0 | AI35: =_xlfn.IFS(AND(AND($AI$4>=$H35,$AI$4<=$O35)),8,AND(AND($AI$4>=$M35,$AI$4<=$N35)),7,AND(OR($AI$4<$M35,$AI$4>$N35)),0) -> 0 | AJ35: =_xlfn.IFS(AND(AND($AJ$4>=$H35,$AJ$4<=$O35)),8,AND(AND($AJ$4>=$M35,$AJ$4<=$N35)),7,AND(OR($AJ$4<$M35,$AJ$4>$N35)),0) -> 0 | AK35: =_xlfn.IFS(AND(AND($AK$4>=$H35,$AK$4<=$O35)),8,AND(AND($AK$4>=$M35,$AK$4<=$N35)),7,AND(OR($AK$4<$M35,$AK$4>$N35)),0) -> 0 | AL35: =_xlfn.IFS(AND(AND($AL$4>=$H35,$AL$4<=$O35)),8,AND(AND($AL$4>=$M35,$AL$4<=$N35)),7,AND(OR($AL$4<$M35,$AL$4>$N35)),0) -> 0 | AM35: =_xlfn.IFS(AND(AND($AM$4>=$H35,$AM$4<=$O35)),8,AND(AND($AM$4>=$M35,$AM$4<=$N35)),7,AND(OR($AM$4<$M35,$AM$4>$N35)),0) -> 0 | AN35: =_xlfn.IFS(AND(AND($AN$4>=$H35,$AN$4<=$O35)),8,AND(AND($AN$4>=$M35,$AN$4<=$N35)),7,AND(OR($AN$4<$M35,$AN$4>$N35)),0) -> 0 | AO35: =_xlfn.IFS(AND(AND($AO$4>=$H35,$AO$4<=$O35)),8,AND(AND($AO$4>=$M35,$AO$4<=$N35)),7,AND(OR($AO$4<$M35,$AO$4>$N35)),0) -> 0 | AQ35: 4 | AR35: FOR_01 | BU35: =#REF! -> #REF!
B36: 32 | C36: 4 | D36: FOREST AND GRASSLANDS | E36: FOR_02 | F36: Conserve Rare Species | H36: _ | I36: 1 | J36: 1 | M36: =H36 -> _ | N36: ='Project types'!$W$6 -> 2050 | O36: =IF(G36=1,(H36-1)+'Project types'!N37,IF(G36=2,H36-1,9999)) -> 9999 | P36: =_xlfn.IFS(AND(AND($P$4>=$H36,$P$4<=$O36)),8,AND(AND($P$4>=$M36,$P$4<=$N36)),7,AND(OR($P$4<$M36,$P$4>$N36)),0) -> 0 | Q36: =_xlfn.IFS(AND(AND($Q$4>=$H36,$Q$4<=$O36)),8,AND(AND($Q$4>=$M36,$Q$4<=$N36)),7,AND(OR($Q$4<$M36,$Q$4>$N36)),0) -> 0 | R36: =_xlfn.IFS(AND(AND($R$4>=$H36,$R$4<=$O36)),8,AND(AND($R$4>=$M36,$R$4<=$N36)),7,AND(OR($R$4<$M36,$R$4>$N36)),0) -> 0 | S36: =_xlfn.IFS(AND(AND($S$4>=$H36,$S$4<=$O36)),8,AND(AND($S$4>=$M36,$S$4<=$N36)),7,AND(OR($S$4<$M36,$S$4>$N36)),0) -> 0 | T36: =_xlfn.IFS(AND(AND($T$4>=$H36,$T$4<=$O36)),8,AND(AND($T$4>=$M36,$T$4<=$N36)),7,AND(OR($T$4<$M36,$T$4>$N36)),0) -> 0 | U36: =_xlfn.IFS(AND(AND($U$4>=$H36,$U$4<=$O36)),8,AND(AND($U$4>=$M36,$U$4<=$N36)),7,AND(OR($U$4<$M36,$U$4>$N36)),0) -> 0 | V36: =_xlfn.IFS(AND(AND($V$4>=$H36,$V$4<=$O36)),8,AND(AND($V$4>=$M36,$V$4<=$N36)),7,AND(OR($V$4<$M36,$V$4>$N36)),0) -> 0 | W36: =_xlfn.IFS(AND(AND($W$4>=$H36,$W$4<=$O36)),8,AND(AND($W$4>=$M36,$W$4<=$N36)),7,AND(OR($W$4<$M36,$W$4>$N36)),0) -> 0 | X36: =_xlfn.IFS(AND(AND($X$4>=$H36,$X$4<=$O36)),8,AND(AND($X$4>=$M36,$X$4<=$N36)),7,AND(OR($X$4<$M36,$X$4>$N36)),0) -> 0 | Y36: =_xlfn.IFS(AND(AND($Y$4>=$H36,$Y$4<=$O36)),8,AND(AND($Y$4>=$M36,$Y$4<=$N36)),7,AND(OR($Y$4<$M36,$Y$4>$N36)),0) -> 0 | Z36: =_xlfn.IFS(AND(AND($Z$4>=$H36,$Z$4<=$O36)),8,AND(AND($Z$4>=$M36,$Z$4<=$N36)),7,AND(OR($Z$4<$M36,$Z$4>$N36)),0) -> 0 | AA36: =_xlfn.IFS(AND(AND($AA$4>=$H36,$AA$4<=$O36)),8,AND(AND($AA$4>=$M36,$AA$4<=$N36)),7,AND(OR($AA$4<$M36,$AA$4>$N36)),0) -> 0 | AB36: =_xlfn.IFS(AND(AND($AB$4>=$H36,$AB$4<=$O36)),8,AND(AND($AB$4>=$M36,$AB$4<=$N36)),7,AND(OR($AB$4<$M36,$AB$4>$N36)),0) -> 0 | AC36: =_xlfn.IFS(AND(AND($AC$4>=$H36,$AC$4<=$O36)),8,AND(AND($AC$4>=$M36,$AC$4<=$N36)),7,AND(OR($AC$4<$M36,$AC$4>$N36)),0) -> 0 | AD36: =_xlfn.IFS(AND(AND($AD$4>=$H36,$AD$4<=$O36)),8,AND(AND($AD$4>=$M36,$AD$4<=$N36)),7,AND(OR($AD$4<$M36,$AD$4>$N36)),0) -> 0 | AE36: =_xlfn.IFS(AND(AND($AE$4>=$H36,$AE$4<=$O36)),8,AND(AND($AE$4>=$M36,$AE$4<=$N36)),7,AND(OR($AE$4<$M36,$AE$4>$N36)),0) -> 0 | AF36: =_xlfn.IFS(AND(AND($AF$4>=$H36,$AF$4<=$O36)),8,AND(AND($AF$4>=$M36,$AF$4<=$N36)),7,AND(OR($AF$4<$M36,$AF$4>$N36)),0) -> 0 | AG36: =_xlfn.IFS(AND(AND($AG$4>=$H36,$AG$4<=$O36)),8,AND(AND($AG$4>=$M36,$AG$4<=$N36)),7,AND(OR($AG$4<$M36,$AG$4>$N36)),0) -> 0 | AH36: =_xlfn.IFS(AND(AND($AH$4>=$H36,$AH$4<=$O36)),8,AND(AND($AH$4>=$M36,$AH$4<=$N36)),7,AND(OR($AH$4<$M36,$AH$4>$N36)),0) -> 0 | AI36: =_xlfn.IFS(AND(AND($AI$4>=$H36,$AI$4<=$O36)),8,AND(AND($AI$4>=$M36,$AI$4<=$N36)),7,AND(OR($AI$4<$M36,$AI$4>$N36)),0) -> 0 | AJ36: =_xlfn.IFS(AND(AND($AJ$4>=$H36,$AJ$4<=$O36)),8,AND(AND($AJ$4>=$M36,$AJ$4<=$N36)),7,AND(OR($AJ$4<$M36,$AJ$4>$N36)),0) -> 0 | AK36: =_xlfn.IFS(AND(AND($AK$4>=$H36,$AK$4<=$O36)),8,AND(AND($AK$4>=$M36,$AK$4<=$N36)),7,AND(OR($AK$4<$M36,$AK$4>$N36)),0) -> 0 | AL36: =_xlfn.IFS(AND(AND($AL$4>=$H36,$AL$4<=$O36)),8,AND(AND($AL$4>=$M36,$AL$4<=$N36)),7,AND(OR($AL$4<$M36,$AL$4>$N36)),0) -> 0 | AM36: =_xlfn.IFS(AND(AND($AM$4>=$H36,$AM$4<=$O36)),8,AND(AND($AM$4>=$M36,$AM$4<=$N36)),7,AND(OR($AM$4<$M36,$AM$4>$N36)),0) -> 0 | AN36: =_xlfn.IFS(AND(AND($AN$4>=$H36,$AN$4<=$O36)),8,AND(AND($AN$4>=$M36,$AN$4<=$N36)),7,AND(OR($AN$4<$M36,$AN$4>$N36)),0) -> 0 | AO36: =_xlfn.IFS(AND(AND($AO$4>=$H36,$AO$4<=$O36)),8,AND(AND($AO$4>=$M36,$AO$4<=$N36)),7,AND(OR($AO$4<$M36,$AO$4>$N36)),0) -> 0 | AQ36: 4 | AR36: FOR_02 | BU36: =#REF! -> #REF!
B37: 33 | C37: 4 | D37: FOREST AND GRASSLANDS | E37: FOR_03 | F37: Enhance old-growth forest conservation | H37: _ | I37: 1 | J37: 1 | M37: =H37 -> _ | N37: ='Project types'!$W$6 -> 2050 | O37: =IF(G37=1,(H37-1)+'Project types'!N38,IF(G37=2,H37-1,9999)) -> 9999 | P37: =_xlfn.IFS(AND(AND($P$4>=$H37,$P$4<=$O37)),8,AND(AND($P$4>=$M37,$P$4<=$N37)),7,AND(OR($P$4<$M37,$P$4>$N37)),0) -> 0 | Q37: =_xlfn.IFS(AND(AND($Q$4>=$H37,$Q$4<=$O37)),8,AND(AND($Q$4>=$M37,$Q$4<=$N37)),7,AND(OR($Q$4<$M37,$Q$4>$N37)),0) -> 0 | R37: =_xlfn.IFS(AND(AND($R$4>=$H37,$R$4<=$O37)),8,AND(AND($R$4>=$M37,$R$4<=$N37)),7,AND(OR($R$4<$M37,$R$4>$N37)),0) -> 0 | S37: =_xlfn.IFS(AND(AND($S$4>=$H37,$S$4<=$O37)),8,AND(AND($S$4>=$M37,$S$4<=$N37)),7,AND(OR($S$4<$M37,$S$4>$N37)),0) -> 0 | T37: =_xlfn.IFS(AND(AND($T$4>=$H37,$T$4<=$O37)),8,AND(AND($T$4>=$M37,$T$4<=$N37)),7,AND(OR($T$4<$M37,$T$4>$N37)),0) -> 0 | U37: =_xlfn.IFS(AND(AND($U$4>=$H37,$U$4<=$O37)),8,AND(AND($U$4>=$M37,$U$4<=$N37)),7,AND(OR($U$4<$M37,$U$4>$N37)),0) -> 0 | V37: =_xlfn.IFS(AND(AND($V$4>=$H37,$V$4<=$O37)),8,AND(AND($V$4>=$M37,$V$4<=$N37)),7,AND(OR($V$4<$M37,$V$4>$N37)),0) -> 0 | W37: =_xlfn.IFS(AND(AND($W$4>=$H37,$W$4<=$O37)),8,AND(AND($W$4>=$M37,$W$4<=$N37)),7,AND(OR($W$4<$M37,$W$4>$N37)),0) -> 0 | X37: =_xlfn.IFS(AND(AND($X$4>=$H37,$X$4<=$O37)),8,AND(AND($X$4>=$M37,$X$4<=$N37)),7,AND(OR($X$4<$M37,$X$4>$N37)),0) -> 0 | Y37: =_xlfn.IFS(AND(AND($Y$4>=$H37,$Y$4<=$O37)),8,AND(AND($Y$4>=$M37,$Y$4<=$N37)),7,AND(OR($Y$4<$M37,$Y$4>$N37)),0) -> 0 | Z37: =_xlfn.IFS(AND(AND($Z$4>=$H37,$Z$4<=$O37)),8,AND(AND($Z$4>=$M37,$Z$4<=$N37)),7,AND(OR($Z$4<$M37,$Z$4>$N37)),0) -> 0 | AA37: =_xlfn.IFS(AND(AND($AA$4>=$H37,$AA$4<=$O37)),8,AND(AND($AA$4>=$M37,$AA$4<=$N37)),7,AND(OR($AA$4<$M37,$AA$4>$N37)),0) -> 0 | AB37: =_xlfn.IFS(AND(AND($AB$4>=$H37,$AB$4<=$O37)),8,AND(AND($AB$4>=$M37,$AB$4<=$N37)),7,AND(OR($AB$4<$M37,$AB$4>$N37)),0) -> 0 | AC37: =_xlfn.IFS(AND(AND($AC$4>=$H37,$AC$4<=$O37)),8,AND(AND($AC$4>=$M37,$AC$4<=$N37)),7,AND(OR($AC$4<$M37,$AC$4>$N37)),0) -> 0 | AD37: =_xlfn.IFS(AND(AND($AD$4>=$H37,$AD$4<=$O37)),8,AND(AND($AD$4>=$M37,$AD$4<=$N37)),7,AND(OR($AD$4<$M37,$AD$4>$N37)),0) -> 0 | AE37: =_xlfn.IFS(AND(AND($AE$4>=$H37,$AE$4<=$O37)),8,AND(AND($AE$4>=$M37,$AE$4<=$N37)),7,AND(OR($AE$4<$M37,$AE$4>$N37)),0) -> 0 | AF37: =_xlfn.IFS(AND(AND($AF$4>=$H37,$AF$4<=$O37)),8,AND(AND($AF$4>=$M37,$AF$4<=$N37)),7,AND(OR($AF$4<$M37,$AF$4>$N37)),0) -> 0 | AG37: =_xlfn.IFS(AND(AND($AG$4>=$H37,$AG$4<=$O37)),8,AND(AND($AG$4>=$M37,$AG$4<=$N37)),7,AND(OR($AG$4<$M37,$AG$4>$N37)),0) -> 0 | AH37: =_xlfn.IFS(AND(AND($AH$4>=$H37,$AH$4<=$O37)),8,AND(AND($AH$4>=$M37,$AH$4<=$N37)),7,AND(OR($AH$4<$M37,$AH$4>$N37)),0) -> 0 | AI37: =_xlfn.IFS(AND(AND($AI$4>=$H37,$AI$4<=$O37)),8,AND(AND($AI$4>=$M37,$AI$4<=$N37)),7,AND(OR($AI$4<$M37,$AI$4>$N37)),0) -> 0 | AJ37: =_xlfn.IFS(AND(AND($AJ$4>=$H37,$AJ$4<=$O37)),8,AND(AND($AJ$4>=$M37,$AJ$4<=$N37)),7,AND(OR($AJ$4<$M37,$AJ$4>$N37)),0) -> 0 | AK37: =_xlfn.IFS(AND(AND($AK$4>=$H37,$AK$4<=$O37)),8,AND(AND($AK$4>=$M37,$AK$4<=$N37)),7,AND(OR($AK$4<$M37,$AK$4>$N37)),0) -> 0 | AL37: =_xlfn.IFS(AND(AND($AL$4>=$H37,$AL$4<=$O37)),8,AND(AND($AL$4>=$M37,$AL$4<=$N37)),7,AND(OR($AL$4<$M37,$AL$4>$N37)),0) -> 0 | AM37: =_xlfn.IFS(AND(AND($AM$4>=$H37,$AM$4<=$O37)),8,AND(AND($AM$4>=$M37,$AM$4<=$N37)),7,AND(OR($AM$4<$M37,$AM$4>$N37)),0) -> 0 | AN37: =_xlfn.IFS(AND(AND($AN$4>=$H37,$AN$4<=$O37)),8,AND(AND($AN$4>=$M37,$AN$4<=$N37)),7,AND(OR($AN$4<$M37,$AN$4>$N37)),0) -> 0 | AO37: =_xlfn.IFS(AND(AND($AO$4>=$H37,$AO$4<=$O37)),8,AND(AND($AO$4>=$M37,$AO$4<=$N37)),7,AND(OR($AO$4<$M37,$AO$4>$N37)),0) -> 0 | AQ37: 4 | AR37: FOR_03 | BU37: =#REF! -> #REF!
B38: 34 | C38: 4 | D38: FOREST AND GRASSLANDS | E38: FOR_04 | F38: Enhance conservation from deforestation | H38: _ | I38: 0.2 | J38: 1 | M38: =H38 -> _ | N38: ='Project types'!$W$6 -> 2050 | O38: =IF(G38=1,(H38-1)+'Project types'!N39,IF(G38=2,H38-1,9999)) -> 9999 | P38: =_xlfn.IFS(AND(AND($P$4>=$H38,$P$4<=$O38)),8,AND(AND($P$4>=$M38,$P$4<=$N38)),7,AND(OR($P$4<$M38,$P$4>$N38)),0) -> 0 | Q38: =_xlfn.IFS(AND(AND($Q$4>=$H38,$Q$4<=$O38)),8,AND(AND($Q$4>=$M38,$Q$4<=$N38)),7,AND(OR($Q$4<$M38,$Q$4>$N38)),0) -> 0 | R38: =_xlfn.IFS(AND(AND($R$4>=$H38,$R$4<=$O38)),8,AND(AND($R$4>=$M38,$R$4<=$N38)),7,AND(OR($R$4<$M38,$R$4>$N38)),0) -> 0 | S38: =_xlfn.IFS(AND(AND($S$4>=$H38,$S$4<=$O38)),8,AND(AND($S$4>=$M38,$S$4<=$N38)),7,AND(OR($S$4<$M38,$S$4>$N38)),0) -> 0 | T38: =_xlfn.IFS(AND(AND($T$4>=$H38,$T$4<=$O38)),8,AND(AND($T$4>=$M38,$T$4<=$N38)),7,AND(OR($T$4<$M38,$T$4>$N38)),0) -> 0 | U38: =_xlfn.IFS(AND(AND($U$4>=$H38,$U$4<=$O38)),8,AND(AND($U$4>=$M38,$U$4<=$N38)),7,AND(OR($U$4<$M38,$U$4>$N38)),0) -> 0 | V38: =_xlfn.IFS(AND(AND($V$4>=$H38,$V$4<=$O38)),8,AND(AND($V$4>=$M38,$V$4<=$N38)),7,AND(OR($V$4<$M38,$V$4>$N38)),0) -> 0 | W38: =_xlfn.IFS(AND(AND($W$4>=$H38,$W$4<=$O38)),8,AND(AND($W$4>=$M38,$W$4<=$N38)),7,AND(OR($W$4<$M38,$W$4>$N38)),0) -> 0 | X38: =_xlfn.IFS(AND(AND($X$4>=$H38,$X$4<=$O38)),8,AND(AND($X$4>=$M38,$X$4<=$N38)),7,AND(OR($X$4<$M38,$X$4>$N38)),0) -> 0 | Y38: =_xlfn.IFS(AND(AND($Y$4>=$H38,$Y$4<=$O38)),8,AND(AND($Y$4>=$M38,$Y$4<=$N38)),7,AND(OR($Y$4<$M38,$Y$4>$N38)),0) -> 0 | Z38: =_xlfn.IFS(AND(AND($Z$4>=$H38,$Z$4<=$O38)),8,AND(AND($Z$4>=$M38,$Z$4<=$N38)),7,AND(OR($Z$4<$M38,$Z$4>$N38)),0) -> 0 | AA38: =_xlfn.IFS(AND(AND($AA$4>=$H38,$AA$4<=$O38)),8,AND(AND($AA$4>=$M38,$AA$4<=$N38)),7,AND(OR($AA$4<$M38,$AA$4>$N38)),0) -> 0 | AB38: =_xlfn.IFS(AND(AND($AB$4>=$H38,$AB$4<=$O38)),8,AND(AND($AB$4>=$M38,$AB$4<=$N38)),7,AND(OR($AB$4<$M38,$AB$4>$N38)),0) -> 0 | AC38: =_xlfn.IFS(AND(AND($AC$4>=$H38,$AC$4<=$O38)),8,AND(AND($AC$4>=$M38,$AC$4<=$N38)),7,AND(OR($AC$4<$M38,$AC$4>$N38)),0) -> 0 | AD38: =_xlfn.IFS(AND(AND($AD$4>=$H38,$AD$4<=$O38)),8,AND(AND($AD$4>=$M38,$AD$4<=$N38)),7,AND(OR($AD$4<$M38,$AD$4>$N38)),0) -> 0 | AE38: =_xlfn.IFS(AND(AND($AE$4>=$H38,$AE$4<=$O38)),8,AND(AND($AE$4>=$M38,$AE$4<=$N38)),7,AND(OR($AE$4<$M38,$AE$4>$N38)),0) -> 0 | AF38: =_xlfn.IFS(AND(AND($AF$4>=$H38,$AF$4<=$O38)),8,AND(AND($AF$4>=$M38,$AF$4<=$N38)),7,AND(OR($AF$4<$M38,$AF$4>$N38)),0) -> 0 | AG38: =_xlfn.IFS(AND(AND($AG$4>=$H38,$AG$4<=$O38)),8,AND(AND($AG$4>=$M38,$AG$4<=$N38)),7,AND(OR($AG$4<$M38,$AG$4>$N38)),0) -> 0 | AH38: =_xlfn.IFS(AND(AND($AH$4>=$H38,$AH$4<=$O38)),8,AND(AND($AH$4>=$M38,$AH$4<=$N38)),7,AND(OR($AH$4<$M38,$AH$4>$N38)),0) -> 0 | AI38: =_xlfn.IFS(AND(AND($AI$4>=$H38,$AI$4<=$O38)),8,AND(AND($AI$4>=$M38,$AI$4<=$N38)),7,AND(OR($AI$4<$M38,$AI$4>$N38)),0) -> 0 | AJ38: =_xlfn.IFS(AND(AND($AJ$4>=$H38,$AJ$4<=$O38)),8,AND(AND($AJ$4>=$M38,$AJ$4<=$N38)),7,AND(OR($AJ$4<$M38,$AJ$4>$N38)),0) -> 0 | AK38: =_xlfn.IFS(AND(AND($AK$4>=$H38,$AK$4<=$O38)),8,AND(AND($AK$4>=$M38,$AK$4<=$N38)),7,AND(OR($AK$4<$M38,$AK$4>$N38)),0) -> 0 | AL38: =_xlfn.IFS(AND(AND($AL$4>=$H38,$AL$4<=$O38)),8,AND(AND($AL$4>=$M38,$AL$4<=$N38)),7,AND(OR($AL$4<$M38,$AL$4>$N38)),0) -> 0 | AM38: =_xlfn.IFS(AND(AND($AM$4>=$H38,$AM$4<=$O38)),8,AND(AND($AM$4>=$M38,$AM$4<=$N38)),7,AND(OR($AM$4<$M38,$AM$4>$N38)),0) -> 0 | AN38: =_xlfn.IFS(AND(AND($AN$4>=$H38,$AN$4<=$O38)),8,AND(AND($AN$4>=$M38,$AN$4<=$N38)),7,AND(OR($AN$4<$M38,$AN$4>$N38)),0) -> 0 | AO38: =_xlfn.IFS(AND(AND($AO$4>=$H38,$AO$4<=$O38)),8,AND(AND($AO$4>=$M38,$AO$4<=$N38)),7,AND(OR($AO$4<$M38,$AO$4>$N38)),0) -> 0 | AQ38: 4 | AR38: FOR_04 | BU38: =#REF! -> #REF!
B39: 35 | C39: 4 | D39: FOREST AND GRASSLANDS | E39: FOR_05 | F39: Enhance sustainable forest mangement | H39: _ | I39: 1 | J39: 1 | M39: =H39 -> _ | N39: ='Project types'!$W$6 -> 2050 | O39: =IF(G39=1,(H39-1)+'Project types'!N40,IF(G39=2,H39-1,9999)) -> 9999 | P39: =_xlfn.IFS(AND(AND($P$4>=$H39,$P$4<=$O39)),8,AND(AND($P$4>=$M39,$P$4<=$N39)),7,AND(OR($P$4<$M39,$P$4>$N39)),0) -> 0 | Q39: =_xlfn.IFS(AND(AND($Q$4>=$H39,$Q$4<=$O39)),8,AND(AND($Q$4>=$M39,$Q$4<=$N39)),7,AND(OR($Q$4<$M39,$Q$4>$N39)),0) -> 0 | R39: =_xlfn.IFS(AND(AND($R$4>=$H39,$R$4<=$O39)),8,AND(AND($R$4>=$M39,$R$4<=$N39)),7,AND(OR($R$4<$M39,$R$4>$N39)),0) -> 0 | S39: =_xlfn.IFS(AND(AND($S$4>=$H39,$S$4<=$O39)),8,AND(AND($S$4>=$M39,$S$4<=$N39)),7,AND(OR($S$4<$M39,$S$4>$N39)),0) -> 0 | T39: =_xlfn.IFS(AND(AND($T$4>=$H39,$T$4<=$O39)),8,AND(AND($T$4>=$M39,$T$4<=$N39)),7,AND(OR($T$4<$M39,$T$4>$N39)),0) -> 0 | U39: =_xlfn.IFS(AND(AND($U$4>=$H39,$U$4<=$O39)),8,AND(AND($U$4>=$M39,$U$4<=$N39)),7,AND(OR($U$4<$M39,$U$4>$N39)),0) -> 0 | V39: =_xlfn.IFS(AND(AND($V$4>=$H39,$V$4<=$O39)),8,AND(AND($V$4>=$M39,$V$4<=$N39)),7,AND(OR($V$4<$M39,$V$4>$N39)),0) -> 0 | W39: =_xlfn.IFS(AND(AND($W$4>=$H39,$W$4<=$O39)),8,AND(AND($W$4>=$M39,$W$4<=$N39)),7,AND(OR($W$4<$M39,$W$4>$N39)),0) -> 0 | X39: =_xlfn.IFS(AND(AND($X$4>=$H39,$X$4<=$O39)),8,AND(AND($X$4>=$M39,$X$4<=$N39)),7,AND(OR($X$4<$M39,$X$4>$N39)),0) -> 0 | Y39: =_xlfn.IFS(AND(AND($Y$4>=$H39,$Y$4<=$O39)),8,AND(AND($Y$4>=$M39,$Y$4<=$N39)),7,AND(OR($Y$4<$M39,$Y$4>$N39)),0) -> 0 | Z39: =_xlfn.IFS(AND(AND($Z$4>=$H39,$Z$4<=$O39)),8,AND(AND($Z$4>=$M39,$Z$4<=$N39)),7,AND(OR($Z$4<$M39,$Z$4>$N39)),0) -> 0 | AA39: =_xlfn.IFS(AND(AND($AA$4>=$H39,$AA$4<=$O39)),8,AND(AND($AA$4>=$M39,$AA$4<=$N39)),7,AND(OR($AA$4<$M39,$AA$4>$N39)),0) -> 0 | AB39: =_xlfn.IFS(AND(AND($AB$4>=$H39,$AB$4<=$O39)),8,AND(AND($AB$4>=$M39,$AB$4<=$N39)),7,AND(OR($AB$4<$M39,$AB$4>$N39)),0) -> 0 | AC39: =_xlfn.IFS(AND(AND($AC$4>=$H39,$AC$4<=$O39)),8,AND(AND($AC$4>=$M39,$AC$4<=$N39)),7,AND(OR($AC$4<$M39,$AC$4>$N39)),0) -> 0 | AD39: =_xlfn.IFS(AND(AND($AD$4>=$H39,$AD$4<=$O39)),8,AND(AND($AD$4>=$M39,$AD$4<=$N39)),7,AND(OR($AD$4<$M39,$AD$4>$N39)),0) -> 0 | AE39: =_xlfn.IFS(AND(AND($AE$4>=$H39,$AE$4<=$O39)),8,AND(AND($AE$4>=$M39,$AE$4<=$N39)),7,AND(OR($AE$4<$M39,$AE$4>$N39)),0) -> 0 | AF39: =_xlfn.IFS(AND(AND($AF$4>=$H39,$AF$4<=$O39)),8,AND(AND($AF$4>=$M39,$AF$4<=$N39)),7,AND(OR($AF$4<$M39,$AF$4>$N39)),0) -> 0 | AG39: =_xlfn.IFS(AND(AND($AG$4>=$H39,$AG$4<=$O39)),8,AND(AND($AG$4>=$M39,$AG$4<=$N39)),7,AND(OR($AG$4<$M39,$AG$4>$N39)),0) -> 0 | AH39: =_xlfn.IFS(AND(AND($AH$4>=$H39,$AH$4<=$O39)),8,AND(AND($AH$4>=$M39,$AH$4<=$N39)),7,AND(OR($AH$4<$M39,$AH$4>$N39)),0) -> 0 | AI39: =_xlfn.IFS(AND(AND($AI$4>=$H39,$AI$4<=$O39)),8,AND(AND($AI$4>=$M39,$AI$4<=$N39)),7,AND(OR($AI$4<$M39,$AI$4>$N39)),0) -> 0 | AJ39: =_xlfn.IFS(AND(AND($AJ$4>=$H39,$AJ$4<=$O39)),8,AND(AND($AJ$4>=$M39,$AJ$4<=$N39)),7,AND(OR($AJ$4<$M39,$AJ$4>$N39)),0) -> 0 | AK39: =_xlfn.IFS(AND(AND($AK$4>=$H39,$AK$4<=$O39)),8,AND(AND($AK$4>=$M39,$AK$4<=$N39)),7,AND(OR($AK$4<$M39,$AK$4>$N39)),0) -> 0 | AL39: =_xlfn.IFS(AND(AND($AL$4>=$H39,$AL$4<=$O39)),8,AND(AND($AL$4>=$M39,$AL$4<=$N39)),7,AND(OR($AL$4<$M39,$AL$4>$N39)),0) -> 0 | AM39: =_xlfn.IFS(AND(AND($AM$4>=$H39,$AM$4<=$O39)),8,AND(AND($AM$4>=$M39,$AM$4<=$N39)),7,AND(OR($AM$4<$M39,$AM$4>$N39)),0) -> 0 | AN39: =_xlfn.IFS(AND(AND($AN$4>=$H39,$AN$4<=$O39)),8,AND(AND($AN$4>=$M39,$AN$4<=$N39)),7,AND(OR($AN$4<$M39,$AN$4>$N39)),0) -> 0 | AO39: =_xlfn.IFS(AND(AND($AO$4>=$H39,$AO$4<=$O39)),8,AND(AND($AO$4>=$M39,$AO$4<=$N39)),7,AND(OR($AO$4<$M39,$AO$4>$N39)),0) -> 0 | AQ39: 4 | AR39: FOR_05 | BU39: =#REF! -> #REF!
B40: 36 | C40: 4 | D40: FOREST AND GRASSLANDS | E40: FOR_06 | F40: Enhance sustainable grassland management | H40: _ | I40: 1 | J40: 1 | M40: =H40 -> _ | N40: ='Project types'!$W$6 -> 2050 | O40: =IF(G40=1,(H40-1)+'Project types'!N41,IF(G40=2,H40-1,9999)) -> 9999 | P40: =_xlfn.IFS(AND(AND($P$4>=$H40,$P$4<=$O40)),8,AND(AND($P$4>=$M40,$P$4<=$N40)),7,AND(OR($P$4<$M40,$P$4>$N40)),0) -> 0 | Q40: =_xlfn.IFS(AND(AND($Q$4>=$H40,$Q$4<=$O40)),8,AND(AND($Q$4>=$M40,$Q$4<=$N40)),7,AND(OR($Q$4<$M40,$Q$4>$N40)),0) -> 0 | R40: =_xlfn.IFS(AND(AND($R$4>=$H40,$R$4<=$O40)),8,AND(AND($R$4>=$M40,$R$4<=$N40)),7,AND(OR($R$4<$M40,$R$4>$N40)),0) -> 0 | S40: =_xlfn.IFS(AND(AND($S$4>=$H40,$S$4<=$O40)),8,AND(AND($S$4>=$M40,$S$4<=$N40)),7,AND(OR($S$4<$M40,$S$4>$N40)),0) -> 0 | T40: =_xlfn.IFS(AND(AND($T$4>=$H40,$T$4<=$O40)),8,AND(AND($T$4>=$M40,$T$4<=$N40)),7,AND(OR($T$4<$M40,$T$4>$N40)),0) -> 0 | U40: =_xlfn.IFS(AND(AND($U$4>=$H40,$U$4<=$O40)),8,AND(AND($U$4>=$M40,$U$4<=$N40)),7,AND(OR($U$4<$M40,$U$4>$N40)),0) -> 0 | V40: =_xlfn.IFS(AND(AND($V$4>=$H40,$V$4<=$O40)),8,AND(AND($V$4>=$M40,$V$4<=$N40)),7,AND(OR($V$4<$M40,$V$4>$N40)),0) -> 0 | W40: =_xlfn.IFS(AND(AND($W$4>=$H40,$W$4<=$O40)),8,AND(AND($W$4>=$M40,$W$4<=$N40)),7,AND(OR($W$4<$M40,$W$4>$N40)),0) -> 0 | X40: =_xlfn.IFS(AND(AND($X$4>=$H40,$X$4<=$O40)),8,AND(AND($X$4>=$M40,$X$4<=$N40)),7,AND(OR($X$4<$M40,$X$4>$N40)),0) -> 0 | Y40: =_xlfn.IFS(AND(AND($Y$4>=$H40,$Y$4<=$O40)),8,AND(AND($Y$4>=$M40,$Y$4<=$N40)),7,AND(OR($Y$4<$M40,$Y$4>$N40)),0) -> 0 | Z40: =_xlfn.IFS(AND(AND($Z$4>=$H40,$Z$4<=$O40)),8,AND(AND($Z$4>=$M40,$Z$4<=$N40)),7,AND(OR($Z$4<$M40,$Z$4>$N40)),0) -> 0 | AA40: =_xlfn.IFS(AND(AND($AA$4>=$H40,$AA$4<=$O40)),8,AND(AND($AA$4>=$M40,$AA$4<=$N40)),7,AND(OR($AA$4<$M40,$AA$4>$N40)),0) -> 0 | AB40: =_xlfn.IFS(AND(AND($AB$4>=$H40,$AB$4<=$O40)),8,AND(AND($AB$4>=$M40,$AB$4<=$N40)),7,AND(OR($AB$4<$M40,$AB$4>$N40)),0) -> 0 | AC40: =_xlfn.IFS(AND(AND($AC$4>=$H40,$AC$4<=$O40)),8,AND(AND($AC$4>=$M40,$AC$4<=$N40)),7,AND(OR($AC$4<$M40,$AC$4>$N40)),0) -> 0 | AD40: =_xlfn.IFS(AND(AND($AD$4>=$H40,$AD$4<=$O40)),8,AND(AND($AD$4>=$M40,$AD$4<=$N40)),7,AND(OR($AD$4<$M40,$AD$4>$N40)),0) -> 0 | AE40: =_xlfn.IFS(AND(AND($AE$4>=$H40,$AE$4<=$O40)),8,AND(AND($AE$4>=$M40,$AE$4<=$N40)),7,AND(OR($AE$4<$M40,$AE$4>$N40)),0) -> 0 | AF40: =_xlfn.IFS(AND(AND($AF$4>=$H40,$AF$4<=$O40)),8,AND(AND($AF$4>=$M40,$AF$4<=$N40)),7,AND(OR($AF$4<$M40,$AF$4>$N40)),0) -> 0 | AG40: =_xlfn.IFS(AND(AND($AG$4>=$H40,$AG$4<=$O40)),8,AND(AND($AG$4>=$M40,$AG$4<=$N40)),7,AND(OR($AG$4<$M40,$AG$4>$N40)),0) -> 0 | AH40: =_xlfn.IFS(AND(AND($AH$4>=$H40,$AH$4<=$O40)),8,AND(AND($AH$4>=$M40,$AH$4<=$N40)),7,AND(OR($AH$4<$M40,$AH$4>$N40)),0) -> 0 | AI40: =_xlfn.IFS(AND(AND($AI$4>=$H40,$AI$4<=$O40)),8,AND(AND($AI$4>=$M40,$AI$4<=$N40)),7,AND(OR($AI$4<$M40,$AI$4>$N40)),0) -> 0 | AJ40: =_xlfn.IFS(AND(AND($AJ$4>=$H40,$AJ$4<=$O40)),8,AND(AND($AJ$4>=$M40,$AJ$4<=$N40)),7,AND(OR($AJ$4<$M40,$AJ$4>$N40)),0) -> 0 | AK40: =_xlfn.IFS(AND(AND($AK$4>=$H40,$AK$4<=$O40)),8,AND(AND($AK$4>=$M40,$AK$4<=$N40)),7,AND(OR($AK$4<$M40,$AK$4>$N40)),0) -> 0 | AL40: =_xlfn.IFS(AND(AND($AL$4>=$H40,$AL$4<=$O40)),8,AND(AND($AL$4>=$M40,$AL$4<=$N40)),7,AND(OR($AL$4<$M40,$AL$4>$N40)),0) -> 0 | AM40: =_xlfn.IFS(AND(AND($AM$4>=$H40,$AM$4<=$O40)),8,AND(AND($AM$4>=$M40,$AM$4<=$N40)),7,AND(OR($AM$4<$M40,$AM$4>$N40)),0) -> 0 | AN40: =_xlfn.IFS(AND(AND($AN$4>=$H40,$AN$4<=$O40)),8,AND(AND($AN$4>=$M40,$AN$4<=$N40)),7,AND(OR($AN$4<$M40,$AN$4>$N40)),0) -> 0 | AO40: =_xlfn.IFS(AND(AND($AO$4>=$H40,$AO$4<=$O40)),8,AND(AND($AO$4>=$M40,$AO$4<=$N40)),7,AND(OR($AO$4<$M40,$AO$4>$N40)),0) -> 0 | AQ40: 4 | AR40: FOR_06 | BU40: =#REF! -> #REF!
B41: 37 | C41: 4 | D41: FOREST AND GRASSLANDS | E41: FOR_07 | F41: Enhance forest restoration | H41: _ | I41: 1 | J41: 1 | M41: =H41 -> _ | N41: ='Project types'!$W$6 -> 2050 | O41: =IF(G41=1,(H41-1)+'Project types'!N42,IF(G41=2,H41-1,9999)) -> 9999 | P41: =_xlfn.IFS(AND(AND($P$4>=$H41,$P$4<=$O41)),8,AND(AND($P$4>=$M41,$P$4<=$N41)),7,AND(OR($P$4<$M41,$P$4>$N41)),0) -> 0 | Q41: =_xlfn.IFS(AND(AND($Q$4>=$H41,$Q$4<=$O41)),8,AND(AND($Q$4>=$M41,$Q$4<=$N41)),7,AND(OR($Q$4<$M41,$Q$4>$N41)),0) -> 0 | R41: =_xlfn.IFS(AND(AND($R$4>=$H41,$R$4<=$O41)),8,AND(AND($R$4>=$M41,$R$4<=$N41)),7,AND(OR($R$4<$M41,$R$4>$N41)),0) -> 0 | S41: =_xlfn.IFS(AND(AND($S$4>=$H41,$S$4<=$O41)),8,AND(AND($S$4>=$M41,$S$4<=$N41)),7,AND(OR($S$4<$M41,$S$4>$N41)),0) -> 0 | T41: =_xlfn.IFS(AND(AND($T$4>=$H41,$T$4<=$O41)),8,AND(AND($T$4>=$M41,$T$4<=$N41)),7,AND(OR($T$4<$M41,$T$4>$N41)),0) -> 0 | U41: =_xlfn.IFS(AND(AND($U$4>=$H41,$U$4<=$O41)),8,AND(AND($U$4>=$M41,$U$4<=$N41)),7,AND(OR($U$4<$M41,$U$4>$N41)),0) -> 0 | V41: =_xlfn.IFS(AND(AND($V$4>=$H41,$V$4<=$O41)),8,AND(AND($V$4>=$M41,$V$4<=$N41)),7,AND(OR($V$4<$M41,$V$4>$N41)),0) -> 0 | W41: =_xlfn.IFS(AND(AND($W$4>=$H41,$W$4<=$O41)),8,AND(AND($W$4>=$M41,$W$4<=$N41)),7,AND(OR($W$4<$M41,$W$4>$N41)),0) -> 0 | X41: =_xlfn.IFS(AND(AND($X$4>=$H41,$X$4<=$O41)),8,AND(AND($X$4>=$M41,$X$4<=$N41)),7,AND(OR($X$4<$M41,$X$4>$N41)),0) -> 0 | Y41: =_xlfn.IFS(AND(AND($Y$4>=$H41,$Y$4<=$O41)),8,AND(AND($Y$4>=$M41,$Y$4<=$N41)),7,AND(OR($Y$4<$M41,$Y$4>$N41)),0) -> 0 | Z41: =_xlfn.IFS(AND(AND($Z$4>=$H41,$Z$4<=$O41)),8,AND(AND($Z$4>=$M41,$Z$4<=$N41)),7,AND(OR($Z$4<$M41,$Z$4>$N41)),0) -> 0 | AA41: =_xlfn.IFS(AND(AND($AA$4>=$H41,$AA$4<=$O41)),8,AND(AND($AA$4>=$M41,$AA$4<=$N41)),7,AND(OR($AA$4<$M41,$AA$4>$N41)),0) -> 0 | AB41: =_xlfn.IFS(AND(AND($AB$4>=$H41,$AB$4<=$O41)),8,AND(AND($AB$4>=$M41,$AB$4<=$N41)),7,AND(OR($AB$4<$M41,$AB$4>$N41)),0) -> 0 | AC41: =_xlfn.IFS(AND(AND($AC$4>=$H41,$AC$4<=$O41)),8,AND(AND($AC$4>=$M41,$AC$4<=$N41)),7,AND(OR($AC$4<$M41,$AC$4>$N41)),0) -> 0 | AD41: =_xlfn.IFS(AND(AND($AD$4>=$H41,$AD$4<=$O41)),8,AND(AND($AD$4>=$M41,$AD$4<=$N41)),7,AND(OR($AD$4<$M41,$AD$4>$N41)),0) -> 0 | AE41: =_xlfn.IFS(AND(AND($AE$4>=$H41,$AE$4<=$O41)),8,AND(AND($AE$4>=$M41,$AE$4<=$N41)),7,AND(OR($AE$4<$M41,$AE$4>$N41)),0) -> 0 | AF41: =_xlfn.IFS(AND(AND($AF$4>=$H41,$AF$4<=$O41)),8,AND(AND($AF$4>=$M41,$AF$4<=$N41)),7,AND(OR($AF$4<$M41,$AF$4>$N41)),0) -> 0 | AG41: =_xlfn.IFS(AND(AND($AG$4>=$H41,$AG$4<=$O41)),8,AND(AND($AG$4>=$M41,$AG$4<=$N41)),7,AND(OR($AG$4<$M41,$AG$4>$N41)),0) -> 0 | AH41: =_xlfn.IFS(AND(AND($AH$4>=$H41,$AH$4<=$O41)),8,AND(AND($AH$4>=$M41,$AH$4<=$N41)),7,AND(OR($AH$4<$M41,$AH$4>$N41)),0) -> 0 | AI41: =_xlfn.IFS(AND(AND($AI$4>=$H41,$AI$4<=$O41)),8,AND(AND($AI$4>=$M41,$AI$4<=$N41)),7,AND(OR($AI$4<$M41,$AI$4>$N41)),0) -> 0 | AJ41: =_xlfn.IFS(AND(AND($AJ$4>=$H41,$AJ$4<=$O41)),8,AND(AND($AJ$4>=$M41,$AJ$4<=$N41)),7,AND(OR($AJ$4<$M41,$AJ$4>$N41)),0) -> 0 | AK41: =_xlfn.IFS(AND(AND($AK$4>=$H41,$AK$4<=$O41)),8,AND(AND($AK$4>=$M41,$AK$4<=$N41)),7,AND(OR($AK$4<$M41,$AK$4>$N41)),0) -> 0 | AL41: =_xlfn.IFS(AND(AND($AL$4>=$H41,$AL$4<=$O41)),8,AND(AND($AL$4>=$M41,$AL$4<=$N41)),7,AND(OR($AL$4<$M41,$AL$4>$N41)),0) -> 0 | AM41: =_xlfn.IFS(AND(AND($AM$4>=$H41,$AM$4<=$O41)),8,AND(AND($AM$4>=$M41,$AM$4<=$N41)),7,AND(OR($AM$4<$M41,$AM$4>$N41)),0) -> 0 | AN41: =_xlfn.IFS(AND(AND($AN$4>=$H41,$AN$4<=$O41)),8,AND(AND($AN$4>=$M41,$AN$4<=$N41)),7,AND(OR($AN$4<$M41,$AN$4>$N41)),0) -> 0 | AO41: =_xlfn.IFS(AND(AND($AO$4>=$H41,$AO$4<=$O41)),8,AND(AND($AO$4>=$M41,$AO$4<=$N41)),7,AND(OR($AO$4<$M41,$AO$4>$N41)),0) -> 0 | AQ41: 4 | AR41: FOR_07 | BU41: =#REF! -> #REF!
B42: 38 | C42: 4 | D42: FOREST AND GRASSLANDS | E42: FOR_08 | F42: Enhance grassland restoration | H42: _ | I42: 1 | J42: 1 | M42: =H42 -> _ | N42: ='Project types'!$W$6 -> 2050 | O42: =IF(G42=1,(H42-1)+'Project types'!N43,IF(G42=2,H42-1,9999)) -> 9999 | P42: =_xlfn.IFS(AND(AND($P$4>=$H42,$P$4<=$O42)),8,AND(AND($P$4>=$M42,$P$4<=$N42)),7,AND(OR($P$4<$M42,$P$4>$N42)),0) -> 0 | Q42: =_xlfn.IFS(AND(AND($Q$4>=$H42,$Q$4<=$O42)),8,AND(AND($Q$4>=$M42,$Q$4<=$N42)),7,AND(OR($Q$4<$M42,$Q$4>$N42)),0) -> 0 | R42: =_xlfn.IFS(AND(AND($R$4>=$H42,$R$4<=$O42)),8,AND(AND($R$4>=$M42,$R$4<=$N42)),7,AND(OR($R$4<$M42,$R$4>$N42)),0) -> 0 | S42: =_xlfn.IFS(AND(AND($S$4>=$H42,$S$4<=$O42)),8,AND(AND($S$4>=$M42,$S$4<=$N42)),7,AND(OR($S$4<$M42,$S$4>$N42)),0) -> 0 | T42: =_xlfn.IFS(AND(AND($T$4>=$H42,$T$4<=$O42)),8,AND(AND($T$4>=$M42,$T$4<=$N42)),7,AND(OR($T$4<$M42,$T$4>$N42)),0) -> 0 | U42: =_xlfn.IFS(AND(AND($U$4>=$H42,$U$4<=$O42)),8,AND(AND($U$4>=$M42,$U$4<=$N42)),7,AND(OR($U$4<$M42,$U$4>$N42)),0) -> 0 | V42: =_xlfn.IFS(AND(AND($V$4>=$H42,$V$4<=$O42)),8,AND(AND($V$4>=$M42,$V$4<=$N42)),7,AND(OR($V$4<$M42,$V$4>$N42)),0) -> 0 | W42: =_xlfn.IFS(AND(AND($W$4>=$H42,$W$4<=$O42)),8,AND(AND($W$4>=$M42,$W$4<=$N42)),7,AND(OR($W$4<$M42,$W$4>$N42)),0) -> 0 | X42: =_xlfn.IFS(AND(AND($X$4>=$H42,$X$4<=$O42)),8,AND(AND($X$4>=$M42,$X$4<=$N42)),7,AND(OR($X$4<$M42,$X$4>$N42)),0) -> 0 | Y42: =_xlfn.IFS(AND(AND($Y$4>=$H42,$Y$4<=$O42)),8,AND(AND($Y$4>=$M42,$Y$4<=$N42)),7,AND(OR($Y$4<$M42,$Y$4>$N42)),0) -> 0 | Z42: =_xlfn.IFS(AND(AND($Z$4>=$H42,$Z$4<=$O42)),8,AND(AND($Z$4>=$M42,$Z$4<=$N42)),7,AND(OR($Z$4<$M42,$Z$4>$N42)),0) -> 0 | AA42: =_xlfn.IFS(AND(AND($AA$4>=$H42,$AA$4<=$O42)),8,AND(AND($AA$4>=$M42,$AA$4<=$N42)),7,AND(OR($AA$4<$M42,$AA$4>$N42)),0) -> 0 | AB42: =_xlfn.IFS(AND(AND($AB$4>=$H42,$AB$4<=$O42)),8,AND(AND($AB$4>=$M42,$AB$4<=$N42)),7,AND(OR($AB$4<$M42,$AB$4>$N42)),0) -> 0 | AC42: =_xlfn.IFS(AND(AND($AC$4>=$H42,$AC$4<=$O42)),8,AND(AND($AC$4>=$M42,$AC$4<=$N42)),7,AND(OR($AC$4<$M42,$AC$4>$N42)),0) -> 0 | AD42: =_xlfn.IFS(AND(AND($AD$4>=$H42,$AD$4<=$O42)),8,AND(AND($AD$4>=$M42,$AD$4<=$N42)),7,AND(OR($AD$4<$M42,$AD$4>$N42)),0) -> 0 | AE42: =_xlfn.IFS(AND(AND($AE$4>=$H42,$AE$4<=$O42)),8,AND(AND($AE$4>=$M42,$AE$4<=$N42)),7,AND(OR($AE$4<$M42,$AE$4>$N42)),0) -> 0 | AF42: =_xlfn.IFS(AND(AND($AF$4>=$H42,$AF$4<=$O42)),8,AND(AND($AF$4>=$M42,$AF$4<=$N42)),7,AND(OR($AF$4<$M42,$AF$4>$N42)),0) -> 0 | AG42: =_xlfn.IFS(AND(AND($AG$4>=$H42,$AG$4<=$O42)),8,AND(AND($AG$4>=$M42,$AG$4<=$N42)),7,AND(OR($AG$4<$M42,$AG$4>$N42)),0) -> 0 | AH42: =_xlfn.IFS(AND(AND($AH$4>=$H42,$AH$4<=$O42)),8,AND(AND($AH$4>=$M42,$AH$4<=$N42)),7,AND(OR($AH$4<$M42,$AH$4>$N42)),0) -> 0 | AI42: =_xlfn.IFS(AND(AND($AI$4>=$H42,$AI$4<=$O42)),8,AND(AND($AI$4>=$M42,$AI$4<=$N42)),7,AND(OR($AI$4<$M42,$AI$4>$N42)),0) -> 0 | AJ42: =_xlfn.IFS(AND(AND($AJ$4>=$H42,$AJ$4<=$O42)),8,AND(AND($AJ$4>=$M42,$AJ$4<=$N42)),7,AND(OR($AJ$4<$M42,$AJ$4>$N42)),0) -> 0 | AK42: =_xlfn.IFS(AND(AND($AK$4>=$H42,$AK$4<=$O42)),8,AND(AND($AK$4>=$M42,$AK$4<=$N42)),7,AND(OR($AK$4<$M42,$AK$4>$N42)),0) -> 0 | AL42: =_xlfn.IFS(AND(AND($AL$4>=$H42,$AL$4<=$O42)),8,AND(AND($AL$4>=$M42,$AL$4<=$N42)),7,AND(OR($AL$4<$M42,$AL$4>$N42)),0) -> 0 | AM42: =_xlfn.IFS(AND(AND($AM$4>=$H42,$AM$4<=$O42)),8,AND(AND($AM$4>=$M42,$AM$4<=$N42)),7,AND(OR($AM$4<$M42,$AM$4>$N42)),0) -> 0 | AN42: =_xlfn.IFS(AND(AND($AN$4>=$H42,$AN$4<=$O42)),8,AND(AND($AN$4>=$M42,$AN$4<=$N42)),7,AND(OR($AN$4<$M42,$AN$4>$N42)),0) -> 0 | AO42: =_xlfn.IFS(AND(AND($AO$4>=$H42,$AO$4<=$O42)),8,AND(AND($AO$4>=$M42,$AO$4<=$N42)),7,AND(OR($AO$4<$M42,$AO$4>$N42)),0) -> 0 | AQ42: 4 | AR42: FOR_08 | BU42: =#REF! -> #REF!
B43: 39 | C43: 4 | D43: FOREST AND GRASSLANDS | E43: FOR_09 | F43: Enhance agroforestry | H43: _ | I43: 1 | J43: 1 | M43: =H43 -> _ | N43: ='Project types'!$W$6 -> 2050 | O43: =IF(G43=1,(H43-1)+'Project types'!N44,IF(G43=2,H43-1,9999)) -> 9999 | P43: =_xlfn.IFS(AND(AND($P$4>=$H43,$P$4<=$O43)),8,AND(AND($P$4>=$M43,$P$4<=$N43)),7,AND(OR($P$4<$M43,$P$4>$N43)),0) -> 0 | Q43: =_xlfn.IFS(AND(AND($Q$4>=$H43,$Q$4<=$O43)),8,AND(AND($Q$4>=$M43,$Q$4<=$N43)),7,AND(OR($Q$4<$M43,$Q$4>$N43)),0) -> 0 | R43: =_xlfn.IFS(AND(AND($R$4>=$H43,$R$4<=$O43)),8,AND(AND($R$4>=$M43,$R$4<=$N43)),7,AND(OR($R$4<$M43,$R$4>$N43)),0) -> 0 | S43: =_xlfn.IFS(AND(AND($S$4>=$H43,$S$4<=$O43)),8,AND(AND($S$4>=$M43,$S$4<=$N43)),7,AND(OR($S$4<$M43,$S$4>$N43)),0) -> 0 | T43: =_xlfn.IFS(AND(AND($T$4>=$H43,$T$4<=$O43)),8,AND(AND($T$4>=$M43,$T$4<=$N43)),7,AND(OR($T$4<$M43,$T$4>$N43)),0) -> 0 | U43: =_xlfn.IFS(AND(AND($U$4>=$H43,$U$4<=$O43)),8,AND(AND($U$4>=$M43,$U$4<=$N43)),7,AND(OR($U$4<$M43,$U$4>$N43)),0) -> 0 | V43: =_xlfn.IFS(AND(AND($V$4>=$H43,$V$4<=$O43)),8,AND(AND($V$4>=$M43,$V$4<=$N43)),7,AND(OR($V$4<$M43,$V$4>$N43)),0) -> 0 | W43: =_xlfn.IFS(AND(AND($W$4>=$H43,$W$4<=$O43)),8,AND(AND($W$4>=$M43,$W$4<=$N43)),7,AND(OR($W$4<$M43,$W$4>$N43)),0) -> 0 | X43: =_xlfn.IFS(AND(AND($X$4>=$H43,$X$4<=$O43)),8,AND(AND($X$4>=$M43,$X$4<=$N43)),7,AND(OR($X$4<$M43,$X$4>$N43)),0) -> 0 | Y43: =_xlfn.IFS(AND(AND($Y$4>=$H43,$Y$4<=$O43)),8,AND(AND($Y$4>=$M43,$Y$4<=$N43)),7,AND(OR($Y$4<$M43,$Y$4>$N43)),0) -> 0 | Z43: =_xlfn.IFS(AND(AND($Z$4>=$H43,$Z$4<=$O43)),8,AND(AND($Z$4>=$M43,$Z$4<=$N43)),7,AND(OR($Z$4<$M43,$Z$4>$N43)),0) -> 0 | AA43: =_xlfn.IFS(AND(AND($AA$4>=$H43,$AA$4<=$O43)),8,AND(AND($AA$4>=$M43,$AA$4<=$N43)),7,AND(OR($AA$4<$M43,$AA$4>$N43)),0) -> 0 | AB43: =_xlfn.IFS(AND(AND($AB$4>=$H43,$AB$4<=$O43)),8,AND(AND($AB$4>=$M43,$AB$4<=$N43)),7,AND(OR($AB$4<$M43,$AB$4>$N43)),0) -> 0 | AC43: =_xlfn.IFS(AND(AND($AC$4>=$H43,$AC$4<=$O43)),8,AND(AND($AC$4>=$M43,$AC$4<=$N43)),7,AND(OR($AC$4<$M43,$AC$4>$N43)),0) -> 0 | AD43: =_xlfn.IFS(AND(AND($AD$4>=$H43,$AD$4<=$O43)),8,AND(AND($AD$4>=$M43,$AD$4<=$N43)),7,AND(OR($AD$4<$M43,$AD$4>$N43)),0) -> 0 | AE43: =_xlfn.IFS(AND(AND($AE$4>=$H43,$AE$4<=$O43)),8,AND(AND($AE$4>=$M43,$AE$4<=$N43)),7,AND(OR($AE$4<$M43,$AE$4>$N43)),0) -> 0 | AF43: =_xlfn.IFS(AND(AND($AF$4>=$H43,$AF$4<=$O43)),8,AND(AND($AF$4>=$M43,$AF$4<=$N43)),7,AND(OR($AF$4<$M43,$AF$4>$N43)),0) -> 0 | AG43: =_xlfn.IFS(AND(AND($AG$4>=$H43,$AG$4<=$O43)),8,AND(AND($AG$4>=$M43,$AG$4<=$N43)),7,AND(OR($AG$4<$M43,$AG$4>$N43)),0) -> 0 | AH43: =_xlfn.IFS(AND(AND($AH$4>=$H43,$AH$4<=$O43)),8,AND(AND($AH$4>=$M43,$AH$4<=$N43)),7,AND(OR($AH$4<$M43,$AH$4>$N43)),0) -> 0 | AI43: =_xlfn.IFS(AND(AND($AI$4>=$H43,$AI$4<=$O43)),8,AND(AND($AI$4>=$M43,$AI$4<=$N43)),7,AND(OR($AI$4<$M43,$AI$4>$N43)),0) -> 0 | AJ43: =_xlfn.IFS(AND(AND($AJ$4>=$H43,$AJ$4<=$O43)),8,AND(AND($AJ$4>=$M43,$AJ$4<=$N43)),7,AND(OR($AJ$4<$M43,$AJ$4>$N43)),0) -> 0 | AK43: =_xlfn.IFS(AND(AND($AK$4>=$H43,$AK$4<=$O43)),8,AND(AND($AK$4>=$M43,$AK$4<=$N43)),7,AND(OR($AK$4<$M43,$AK$4>$N43)),0) -> 0 | AL43: =_xlfn.IFS(AND(AND($AL$4>=$H43,$AL$4<=$O43)),8,AND(AND($AL$4>=$M43,$AL$4<=$N43)),7,AND(OR($AL$4<$M43,$AL$4>$N43)),0) -> 0 | AM43: =_xlfn.IFS(AND(AND($AM$4>=$H43,$AM$4<=$O43)),8,AND(AND($AM$4>=$M43,$AM$4<=$N43)),7,AND(OR($AM$4<$M43,$AM$4>$N43)),0) -> 0 | AN43: =_xlfn.IFS(AND(AND($AN$4>=$H43,$AN$4<=$O43)),8,AND(AND($AN$4>=$M43,$AN$4<=$N43)),7,AND(OR($AN$4<$M43,$AN$4>$N43)),0) -> 0 | AO43: =_xlfn.IFS(AND(AND($AO$4>=$H43,$AO$4<=$O43)),8,AND(AND($AO$4>=$M43,$AO$4<=$N43)),7,AND(OR($AO$4<$M43,$AO$4>$N43)),0) -> 0 | AQ43: 4 | AR43: FOR_09 | BU43: =#REF! -> #REF!
B44: 40 | C44: 4 | D44: FOREST AND GRASSLANDS | E44: FOR_10 | F44: Enhance silviculture | H44: _ | I44: 0.01 | J44: 1 | M44: =H44 -> _ | N44: ='Project types'!$W$6 -> 2050 | O44: =IF(G44=1,(H44-1)+'Project types'!N45,IF(G44=2,H44-1,9999)) -> 9999 | P44: =_xlfn.IFS(AND(AND($P$4>=$H44,$P$4<=$O44)),8,AND(AND($P$4>=$M44,$P$4<=$N44)),7,AND(OR($P$4<$M44,$P$4>$N44)),0) -> 0 | Q44: =_xlfn.IFS(AND(AND($Q$4>=$H44,$Q$4<=$O44)),8,AND(AND($Q$4>=$M44,$Q$4<=$N44)),7,AND(OR($Q$4<$M44,$Q$4>$N44)),0) -> 0 | R44: =_xlfn.IFS(AND(AND($R$4>=$H44,$R$4<=$O44)),8,AND(AND($R$4>=$M44,$R$4<=$N44)),7,AND(OR($R$4<$M44,$R$4>$N44)),0) -> 0 | S44: =_xlfn.IFS(AND(AND($S$4>=$H44,$S$4<=$O44)),8,AND(AND($S$4>=$M44,$S$4<=$N44)),7,AND(OR($S$4<$M44,$S$4>$N44)),0) -> 0 | T44: =_xlfn.IFS(AND(AND($T$4>=$H44,$T$4<=$O44)),8,AND(AND($T$4>=$M44,$T$4<=$N44)),7,AND(OR($T$4<$M44,$T$4>$N44)),0) -> 0 | U44: =_xlfn.IFS(AND(AND($U$4>=$H44,$U$4<=$O44)),8,AND(AND($U$4>=$M44,$U$4<=$N44)),7,AND(OR($U$4<$M44,$U$4>$N44)),0) -> 0 | V44: =_xlfn.IFS(AND(AND($V$4>=$H44,$V$4<=$O44)),8,AND(AND($V$4>=$M44,$V$4<=$N44)),7,AND(OR($V$4<$M44,$V$4>$N44)),0) -> 0 | W44: =_xlfn.IFS(AND(AND($W$4>=$H44,$W$4<=$O44)),8,AND(AND($W$4>=$M44,$W$4<=$N44)),7,AND(OR($W$4<$M44,$W$4>$N44)),0) -> 0 | X44: =_xlfn.IFS(AND(AND($X$4>=$H44,$X$4<=$O44)),8,AND(AND($X$4>=$M44,$X$4<=$N44)),7,AND(OR($X$4<$M44,$X$4>$N44)),0) -> 0 | Y44: =_xlfn.IFS(AND(AND($Y$4>=$H44,$Y$4<=$O44)),8,AND(AND($Y$4>=$M44,$Y$4<=$N44)),7,AND(OR($Y$4<$M44,$Y$4>$N44)),0) -> 0 | Z44: =_xlfn.IFS(AND(AND($Z$4>=$H44,$Z$4<=$O44)),8,AND(AND($Z$4>=$M44,$Z$4<=$N44)),7,AND(OR($Z$4<$M44,$Z$4>$N44)),0) -> 0 | AA44: =_xlfn.IFS(AND(AND($AA$4>=$H44,$AA$4<=$O44)),8,AND(AND($AA$4>=$M44,$AA$4<=$N44)),7,AND(OR($AA$4<$M44,$AA$4>$N44)),0) -> 0 | AB44: =_xlfn.IFS(AND(AND($AB$4>=$H44,$AB$4<=$O44)),8,AND(AND($AB$4>=$M44,$AB$4<=$N44)),7,AND(OR($AB$4<$M44,$AB$4>$N44)),0) -> 0 | AC44: =_xlfn.IFS(AND(AND($AC$4>=$H44,$AC$4<=$O44)),8,AND(AND($AC$4>=$M44,$AC$4<=$N44)),7,AND(OR($AC$4<$M44,$AC$4>$N44)),0) -> 0 | AD44: =_xlfn.IFS(AND(AND($AD$4>=$H44,$AD$4<=$O44)),8,AND(AND($AD$4>=$M44,$AD$4<=$N44)),7,AND(OR($AD$4<$M44,$AD$4>$N44)),0) -> 0 | AE44: =_xlfn.IFS(AND(AND($AE$4>=$H44,$AE$4<=$O44)),8,AND(AND($AE$4>=$M44,$AE$4<=$N44)),7,AND(OR($AE$4<$M44,$AE$4>$N44)),0) -> 0 | AF44: =_xlfn.IFS(AND(AND($AF$4>=$H44,$AF$4<=$O44)),8,AND(AND($AF$4>=$M44,$AF$4<=$N44)),7,AND(OR($AF$4<$M44,$AF$4>$N44)),0) -> 0 | AG44: =_xlfn.IFS(AND(AND($AG$4>=$H44,$AG$4<=$O44)),8,AND(AND($AG$4>=$M44,$AG$4<=$N44)),7,AND(OR($AG$4<$M44,$AG$4>$N44)),0) -> 0 | AH44: =_xlfn.IFS(AND(AND($AH$4>=$H44,$AH$4<=$O44)),8,AND(AND($AH$4>=$M44,$AH$4<=$N44)),7,AND(OR($AH$4<$M44,$AH$4>$N44)),0) -> 0 | AI44: =_xlfn.IFS(AND(AND($AI$4>=$H44,$AI$4<=$O44)),8,AND(AND($AI$4>=$M44,$AI$4<=$N44)),7,AND(OR($AI$4<$M44,$AI$4>$N44)),0) -> 0 | AJ44: =_xlfn.IFS(AND(AND($AJ$4>=$H44,$AJ$4<=$O44)),8,AND(AND($AJ$4>=$M44,$AJ$4<=$N44)),7,AND(OR($AJ$4<$M44,$AJ$4>$N44)),0) -> 0 | AK44: =_xlfn.IFS(AND(AND($AK$4>=$H44,$AK$4<=$O44)),8,AND(AND($AK$4>=$M44,$AK$4<=$N44)),7,AND(OR($AK$4<$M44,$AK$4>$N44)),0) -> 0 | AL44: =_xlfn.IFS(AND(AND($AL$4>=$H44,$AL$4<=$O44)),8,AND(AND($AL$4>=$M44,$AL$4<=$N44)),7,AND(OR($AL$4<$M44,$AL$4>$N44)),0) -> 0 | AM44: =_xlfn.IFS(AND(AND($AM$4>=$H44,$AM$4<=$O44)),8,AND(AND($AM$4>=$M44,$AM$4<=$N44)),7,AND(OR($AM$4<$M44,$AM$4>$N44)),0) -> 0 | AN44: =_xlfn.IFS(AND(AND($AN$4>=$H44,$AN$4<=$O44)),8,AND(AND($AN$4>=$M44,$AN$4<=$N44)),7,AND(OR($AN$4<$M44,$AN$4>$N44)),0) -> 0 | AO44: =_xlfn.IFS(AND(AND($AO$4>=$H44,$AO$4<=$O44)),8,AND(AND($AO$4>=$M44,$AO$4<=$N44)),7,AND(OR($AO$4<$M44,$AO$4>$N44)),0) -> 0 | AQ44: 4 | AR44: FOR_10 | BU44: =#REF! -> #REF!
B45: 41 | C45: 4 | D45: FOREST AND GRASSLANDS | E45: FOR_11 | F45: Enhance silvo-pastoral practices | H45: _ | I45: 0.01 | J45: 1 | M45: =H45 -> _ | N45: ='Project types'!$W$6 -> 2050 | O45: =IF(G45=1,(H45-1)+'Project types'!N46,IF(G45=2,H45-1,9999)) -> 9999 | P45: =_xlfn.IFS(AND(AND($P$4>=$H45,$P$4<=$O45)),8,AND(AND($P$4>=$M45,$P$4<=$N45)),7,AND(OR($P$4<$M45,$P$4>$N45)),0) -> 0 | Q45: =_xlfn.IFS(AND(AND($Q$4>=$H45,$Q$4<=$O45)),8,AND(AND($Q$4>=$M45,$Q$4<=$N45)),7,AND(OR($Q$4<$M45,$Q$4>$N45)),0) -> 0 | R45: =_xlfn.IFS(AND(AND($R$4>=$H45,$R$4<=$O45)),8,AND(AND($R$4>=$M45,$R$4<=$N45)),7,AND(OR($R$4<$M45,$R$4>$N45)),0) -> 0 | S45: =_xlfn.IFS(AND(AND($S$4>=$H45,$S$4<=$O45)),8,AND(AND($S$4>=$M45,$S$4<=$N45)),7,AND(OR($S$4<$M45,$S$4>$N45)),0) -> 0 | T45: =_xlfn.IFS(AND(AND($T$4>=$H45,$T$4<=$O45)),8,AND(AND($T$4>=$M45,$T$4<=$N45)),7,AND(OR($T$4<$M45,$T$4>$N45)),0) -> 0 | U45: =_xlfn.IFS(AND(AND($U$4>=$H45,$U$4<=$O45)),8,AND(AND($U$4>=$M45,$U$4<=$N45)),7,AND(OR($U$4<$M45,$U$4>$N45)),0) -> 0 | V45: =_xlfn.IFS(AND(AND($V$4>=$H45,$V$4<=$O45)),8,AND(AND($V$4>=$M45,$V$4<=$N45)),7,AND(OR($V$4<$M45,$V$4>$N45)),0) -> 0 | W45: =_xlfn.IFS(AND(AND($W$4>=$H45,$W$4<=$O45)),8,AND(AND($W$4>=$M45,$W$4<=$N45)),7,AND(OR($W$4<$M45,$W$4>$N45)),0) -> 0 | X45: =_xlfn.IFS(AND(AND($X$4>=$H45,$X$4<=$O45)),8,AND(AND($X$4>=$M45,$X$4<=$N45)),7,AND(OR($X$4<$M45,$X$4>$N45)),0) -> 0 | Y45: =_xlfn.IFS(AND(AND($Y$4>=$H45,$Y$4<=$O45)),8,AND(AND($Y$4>=$M45,$Y$4<=$N45)),7,AND(OR($Y$4<$M45,$Y$4>$N45)),0) -> 0 | Z45: =_xlfn.IFS(AND(AND($Z$4>=$H45,$Z$4<=$O45)),8,AND(AND($Z$4>=$M45,$Z$4<=$N45)),7,AND(OR($Z$4<$M45,$Z$4>$N45)),0) -> 0 | AA45: =_xlfn.IFS(AND(AND($AA$4>=$H45,$AA$4<=$O45)),8,AND(AND($AA$4>=$M45,$AA$4<=$N45)),7,AND(OR($AA$4<$M45,$AA$4>$N45)),0) -> 0 | AB45: =_xlfn.IFS(AND(AND($AB$4>=$H45,$AB$4<=$O45)),8,AND(AND($AB$4>=$M45,$AB$4<=$N45)),7,AND(OR($AB$4<$M45,$AB$4>$N45)),0) -> 0 | AC45: =_xlfn.IFS(AND(AND($AC$4>=$H45,$AC$4<=$O45)),8,AND(AND($AC$4>=$M45,$AC$4<=$N45)),7,AND(OR($AC$4<$M45,$AC$4>$N45)),0) -> 0 | AD45: =_xlfn.IFS(AND(AND($AD$4>=$H45,$AD$4<=$O45)),8,AND(AND($AD$4>=$M45,$AD$4<=$N45)),7,AND(OR($AD$4<$M45,$AD$4>$N45)),0) -> 0 | AE45: =_xlfn.IFS(AND(AND($AE$4>=$H45,$AE$4<=$O45)),8,AND(AND($AE$4>=$M45,$AE$4<=$N45)),7,AND(OR($AE$4<$M45,$AE$4>$N45)),0) -> 0 | AF45: =_xlfn.IFS(AND(AND($AF$4>=$H45,$AF$4<=$O45)),8,AND(AND($AF$4>=$M45,$AF$4<=$N45)),7,AND(OR($AF$4<$M45,$AF$4>$N45)),0) -> 0 | AG45: =_xlfn.IFS(AND(AND($AG$4>=$H45,$AG$4<=$O45)),8,AND(AND($AG$4>=$M45,$AG$4<=$N45)),7,AND(OR($AG$4<$M45,$AG$4>$N45)),0) -> 0 | AH45: =_xlfn.IFS(AND(AND($AH$4>=$H45,$AH$4<=$O45)),8,AND(AND($AH$4>=$M45,$AH$4<=$N45)),7,AND(OR($AH$4<$M45,$AH$4>$N45)),0) -> 0 | AI45: =_xlfn.IFS(AND(AND($AI$4>=$H45,$AI$4<=$O45)),8,AND(AND($AI$4>=$M45,$AI$4<=$N45)),7,AND(OR($AI$4<$M45,$AI$4>$N45)),0) -> 0 | AJ45: =_xlfn.IFS(AND(AND($AJ$4>=$H45,$AJ$4<=$O45)),8,AND(AND($AJ$4>=$M45,$AJ$4<=$N45)),7,AND(OR($AJ$4<$M45,$AJ$4>$N45)),0) -> 0 | AK45: =_xlfn.IFS(AND(AND($AK$4>=$H45,$AK$4<=$O45)),8,AND(AND($AK$4>=$M45,$AK$4<=$N45)),7,AND(OR($AK$4<$M45,$AK$4>$N45)),0) -> 0 | AL45: =_xlfn.IFS(AND(AND($AL$4>=$H45,$AL$4<=$O45)),8,AND(AND($AL$4>=$M45,$AL$4<=$N45)),7,AND(OR($AL$4<$M45,$AL$4>$N45)),0) -> 0 | AM45: =_xlfn.IFS(AND(AND($AM$4>=$H45,$AM$4<=$O45)),8,AND(AND($AM$4>=$M45,$AM$4<=$N45)),7,AND(OR($AM$4<$M45,$AM$4>$N45)),0) -> 0 | AN45: =_xlfn.IFS(AND(AND($AN$4>=$H45,$AN$4<=$O45)),8,AND(AND($AN$4>=$M45,$AN$4<=$N45)),7,AND(OR($AN$4<$M45,$AN$4>$N45)),0) -> 0 | AO45: =_xlfn.IFS(AND(AND($AO$4>=$H45,$AO$4<=$O45)),8,AND(AND($AO$4>=$M45,$AO$4<=$N45)),7,AND(OR($AO$4<$M45,$AO$4>$N45)),0) -> 0 | AQ45: 4 | AR45: FOR_11 | BU45: =#REF! -> #REF!
B46: 42 | C46: 4 | D46: FOREST AND GRASSLANDS | E46: FOR_12 | F46: Enhance energy efficiency | H46: _ | I46: 1 | J46: 1 | M46: =H46 -> _ | N46: ='Project types'!$W$6 -> 2050 | O46: =IF(G46=1,(H46-1)+'Project types'!N47,IF(G46=2,H46-1,9999)) -> 9999 | P46: =_xlfn.IFS(AND(AND($P$4>=$H46,$P$4<=$O46)),8,AND(AND($P$4>=$M46,$P$4<=$N46)),7,AND(OR($P$4<$M46,$P$4>$N46)),0) -> 0 | Q46: =_xlfn.IFS(AND(AND($Q$4>=$H46,$Q$4<=$O46)),8,AND(AND($Q$4>=$M46,$Q$4<=$N46)),7,AND(OR($Q$4<$M46,$Q$4>$N46)),0) -> 0 | R46: =_xlfn.IFS(AND(AND($R$4>=$H46,$R$4<=$O46)),8,AND(AND($R$4>=$M46,$R$4<=$N46)),7,AND(OR($R$4<$M46,$R$4>$N46)),0) -> 0 | S46: =_xlfn.IFS(AND(AND($S$4>=$H46,$S$4<=$O46)),8,AND(AND($S$4>=$M46,$S$4<=$N46)),7,AND(OR($S$4<$M46,$S$4>$N46)),0) -> 0 | T46: =_xlfn.IFS(AND(AND($T$4>=$H46,$T$4<=$O46)),8,AND(AND($T$4>=$M46,$T$4<=$N46)),7,AND(OR($T$4<$M46,$T$4>$N46)),0) -> 0 | U46: =_xlfn.IFS(AND(AND($U$4>=$H46,$U$4<=$O46)),8,AND(AND($U$4>=$M46,$U$4<=$N46)),7,AND(OR($U$4<$M46,$U$4>$N46)),0) -> 0 | V46: =_xlfn.IFS(AND(AND($V$4>=$H46,$V$4<=$O46)),8,AND(AND($V$4>=$M46,$V$4<=$N46)),7,AND(OR($V$4<$M46,$V$4>$N46)),0) -> 0 | W46: =_xlfn.IFS(AND(AND($W$4>=$H46,$W$4<=$O46)),8,AND(AND($W$4>=$M46,$W$4<=$N46)),7,AND(OR($W$4<$M46,$W$4>$N46)),0) -> 0 | X46: =_xlfn.IFS(AND(AND($X$4>=$H46,$X$4<=$O46)),8,AND(AND($X$4>=$M46,$X$4<=$N46)),7,AND(OR($X$4<$M46,$X$4>$N46)),0) -> 0 | Y46: =_xlfn.IFS(AND(AND($Y$4>=$H46,$Y$4<=$O46)),8,AND(AND($Y$4>=$M46,$Y$4<=$N46)),7,AND(OR($Y$4<$M46,$Y$4>$N46)),0) -> 0 | Z46: =_xlfn.IFS(AND(AND($Z$4>=$H46,$Z$4<=$O46)),8,AND(AND($Z$4>=$M46,$Z$4<=$N46)),7,AND(OR($Z$4<$M46,$Z$4>$N46)),0) -> 0 | AA46: =_xlfn.IFS(AND(AND($AA$4>=$H46,$AA$4<=$O46)),8,AND(AND($AA$4>=$M46,$AA$4<=$N46)),7,AND(OR($AA$4<$M46,$AA$4>$N46)),0) -> 0 | AB46: =_xlfn.IFS(AND(AND($AB$4>=$H46,$AB$4<=$O46)),8,AND(AND($AB$4>=$M46,$AB$4<=$N46)),7,AND(OR($AB$4<$M46,$AB$4>$N46)),0) -> 0 | AC46: =_xlfn.IFS(AND(AND($AC$4>=$H46,$AC$4<=$O46)),8,AND(AND($AC$4>=$M46,$AC$4<=$N46)),7,AND(OR($AC$4<$M46,$AC$4>$N46)),0) -> 0 | AD46: =_xlfn.IFS(AND(AND($AD$4>=$H46,$AD$4<=$O46)),8,AND(AND($AD$4>=$M46,$AD$4<=$N46)),7,AND(OR($AD$4<$M46,$AD$4>$N46)),0) -> 0 | AE46: =_xlfn.IFS(AND(AND($AE$4>=$H46,$AE$4<=$O46)),8,AND(AND($AE$4>=$M46,$AE$4<=$N46)),7,AND(OR($AE$4<$M46,$AE$4>$N46)),0) -> 0 | AF46: =_xlfn.IFS(AND(AND($AF$4>=$H46,$AF$4<=$O46)),8,AND(AND($AF$4>=$M46,$AF$4<=$N46)),7,AND(OR($AF$4<$M46,$AF$4>$N46)),0) -> 0 | AG46: =_xlfn.IFS(AND(AND($AG$4>=$H46,$AG$4<=$O46)),8,AND(AND($AG$4>=$M46,$AG$4<=$N46)),7,AND(OR($AG$4<$M46,$AG$4>$N46)),0) -> 0 | AH46: =_xlfn.IFS(AND(AND($AH$4>=$H46,$AH$4<=$O46)),8,AND(AND($AH$4>=$M46,$AH$4<=$N46)),7,AND(OR($AH$4<$M46,$AH$4>$N46)),0) -> 0 | AI46: =_xlfn.IFS(AND(AND($AI$4>=$H46,$AI$4<=$O46)),8,AND(AND($AI$4>=$M46,$AI$4<=$N46)),7,AND(OR($AI$4<$M46,$AI$4>$N46)),0) -> 0 | AJ46: =_xlfn.IFS(AND(AND($AJ$4>=$H46,$AJ$4<=$O46)),8,AND(AND($AJ$4>=$M46,$AJ$4<=$N46)),7,AND(OR($AJ$4<$M46,$AJ$4>$N46)),0) -> 0 | AK46: =_xlfn.IFS(AND(AND($AK$4>=$H46,$AK$4<=$O46)),8,AND(AND($AK$4>=$M46,$AK$4<=$N46)),7,AND(OR($AK$4<$M46,$AK$4>$N46)),0) -> 0 | AL46: =_xlfn.IFS(AND(AND($AL$4>=$H46,$AL$4<=$O46)),8,AND(AND($AL$4>=$M46,$AL$4<=$N46)),7,AND(OR($AL$4<$M46,$AL$4>$N46)),0) -> 0 | AM46: =_xlfn.IFS(AND(AND($AM$4>=$H46,$AM$4<=$O46)),8,AND(AND($AM$4>=$M46,$AM$4<=$N46)),7,AND(OR($AM$4<$M46,$AM$4>$N46)),0) -> 0 | AN46: =_xlfn.IFS(AND(AND($AN$4>=$H46,$AN$4<=$O46)),8,AND(AND($AN$4>=$M46,$AN$4<=$N46)),7,AND(OR($AN$4<$M46,$AN$4>$N46)),0) -> 0 | AO46: =_xlfn.IFS(AND(AND($AO$4>=$H46,$AO$4<=$O46)),8,AND(AND($AO$4>=$M46,$AO$4<=$N46)),7,AND(OR($AO$4<$M46,$AO$4>$N46)),0) -> 0 | AQ46: 4 | AR46: FOR_12 | BU46: =#REF! -> #REF!
... B49: 45 | C49: 4 | D49: FOREST AND GRASSLANDS | E49: FOR_15 | F49: Adopt carbon offsets | H49: _ | I49: 1 | J49: 1 | M49: =H49 -> _ | N49: ='Project types'!$W$6 -> 2050 | O49: =IF(G49=1,(H49-1)+'Project types'!N50,IF(G49=2,H49-1,9999)) -> 9999 | P49: =_xlfn.IFS(AND(AND($P$4>=$H49,$P$4<=$O49)),8,AND(AND($P$4>=$M49,$P$4<=$N49)),7,AND(OR($P$4<$M49,$P$4>$N49)),0) -> 0 | Q49: =_xlfn.IFS(AND(AND($Q$4>=$H49,$Q$4<=$O49)),8,AND(AND($Q$4>=$M49,$Q$4<=$N49)),7,AND(OR($Q$4<$M49,$Q$4>$N49)),0) -> 0 | R49: =_xlfn.IFS(AND(AND($R$4>=$H49,$R$4<=$O49)),8,AND(AND($R$4>=$M49,$R$4<=$N49)),7,AND(OR($R$4<$M49,$R$4>$N49)),0) -> 0 | S49: =_xlfn.IFS(AND(AND($S$4>=$H49,$S$4<=$O49)),8,AND(AND($S$4>=$M49,$S$4<=$N49)),7,AND(OR($S$4<$M49,$S$4>$N49)),0) -> 0 | T49: =_xlfn.IFS(AND(AND($T$4>=$H49,$T$4<=$O49)),8,AND(AND($T$4>=$M49,$T$4<=$N49)),7,AND(OR($T$4<$M49,$T$4>$N49)),0) -> 0 | U49: =_xlfn.IFS(AND(AND($U$4>=$H49,$U$4<=$O49)),8,AND(AND($U$4>=$M49,$U$4<=$N49)),7,AND(OR($U$4<$M49,$U$4>$N49)),0) -> 0 | V49: =_xlfn.IFS(AND(AND($V$4>=$H49,$V$4<=$O49)),8,AND(AND($V$4>=$M49,$V$4<=$N49)),7,AND(OR($V$4<$M49,$V$4>$N49)),0) -> 0 | W49: =_xlfn.IFS(AND(AND($W$4>=$H49,$W$4<=$O49)),8,AND(AND($W$4>=$M49,$W$4<=$N49)),7,AND(OR($W$4<$M49,$W$4>$N49)),0) -> 0 | X49: =_xlfn.IFS(AND(AND($X$4>=$H49,$X$4<=$O49)),8,AND(AND($X$4>=$M49,$X$4<=$N49)),7,AND(OR($X$4<$M49,$X$4>$N49)),0) -> 0 | Y49: =_xlfn.IFS(AND(AND($Y$4>=$H49,$Y$4<=$O49)),8,AND(AND($Y$4>=$M49,$Y$4<=$N49)),7,AND(OR($Y$4<$M49,$Y$4>$N49)),0) -> 0 | Z49: =_xlfn.IFS(AND(AND($Z$4>=$H49,$Z$4<=$O49)),8,AND(AND($Z$4>=$M49,$Z$4<=$N49)),7,AND(OR($Z$4<$M49,$Z$4>$N49)),0) -> 0 | AA49: =_xlfn.IFS(AND(AND($AA$4>=$H49,$AA$4<=$O49)),8,AND(AND($AA$4>=$M49,$AA$4<=$N49)),7,AND(OR($AA$4<$M49,$AA$4>$N49)),0) -> 0 | AB49: =_xlfn.IFS(AND(AND($AB$4>=$H49,$AB$4<=$O49)),8,AND(AND($AB$4>=$M49,$AB$4<=$N49)),7,AND(OR($AB$4<$M49,$AB$4>$N49)),0) -> 0 | AC49: =_xlfn.IFS(AND(AND($AC$4>=$H49,$AC$4<=$O49)),8,AND(AND($AC$4>=$M49,$AC$4<=$N49)),7,AND(OR($AC$4<$M49,$AC$4>$N49)),0) -> 0 | AD49: =_xlfn.IFS(AND(AND($AD$4>=$H49,$AD$4<=$O49)),8,AND(AND($AD$4>=$M49,$AD$4<=$N49)),7,AND(OR($AD$4<$M49,$AD$4>$N49)),0) -> 0 | AE49: =_xlfn.IFS(AND(AND($AE$4>=$H49,$AE$4<=$O49)),8,AND(AND($AE$4>=$M49,$AE$4<=$N49)),7,AND(OR($AE$4<$M49,$AE$4>$N49)),0) -> 0 | AF49: =_xlfn.IFS(AND(AND($AF$4>=$H49,$AF$4<=$O49)),8,AND(AND($AF$4>=$M49,$AF$4<=$N49)),7,AND(OR($AF$4<$M49,$AF$4>$N49)),0) -> 0 | AG49: =_xlfn.IFS(AND(AND($AG$4>=$H49,$AG$4<=$O49)),8,AND(AND($AG$4>=$M49,$AG$4<=$N49)),7,AND(OR($AG$4<$M49,$AG$4>$N49)),0) -> 0 | AH49: =_xlfn.IFS(AND(AND($AH$4>=$H49,$AH$4<=$O49)),8,AND(AND($AH$4>=$M49,$AH$4<=$N49)),7,AND(OR($AH$4<$M49,$AH$4>$N49)),0) -> 0 | AI49: =_xlfn.IFS(AND(AND($AI$4>=$H49,$AI$4<=$O49)),8,AND(AND($AI$4>=$M49,$AI$4<=$N49)),7,AND(OR($AI$4<$M49,$AI$4>$N49)),0) -> 0 | AJ49: =_xlfn.IFS(AND(AND($AJ$4>=$H49,$AJ$4<=$O49)),8,AND(AND($AJ$4>=$M49,$AJ$4<=$N49)),7,AND(OR($AJ$4<$M49,$AJ$4>$N49)),0) -> 0 | AK49: =_xlfn.IFS(AND(AND($AK$4>=$H49,$AK$4<=$O49)),8,AND(AND($AK$4>=$M49,$AK$4<=$N49)),7,AND(OR($AK$4<$M49,$AK$4>$N49)),0) -> 0 | AL49: =_xlfn.IFS(AND(AND($AL$4>=$H49,$AL$4<=$O49)),8,AND(AND($AL$4>=$M49,$AL$4<=$N49)),7,AND(OR($AL$4<$M49,$AL$4>$N49)),0) -> 0 | AM49: =_xlfn.IFS(AND(AND($AM$4>=$H49,$AM$4<=$O49)),8,AND(AND($AM$4>=$M49,$AM$4<=$N49)),7,AND(OR($AM$4<$M49,$AM$4>$N49)),0) -> 0 | AN49: =_xlfn.IFS(AND(AND($AN$4>=$H49,$AN$4<=$O49)),8,AND(AND($AN$4>=$M49,$AN$4<=$N49)),7,AND(OR($AN$4<$M49,$AN$4>$N49)),0) -> 0 | AO49: =_xlfn.IFS(AND(AND($AO$4>=$H49,$AO$4<=$O49)),8,AND(AND($AO$4>=$M49,$AO$4<=$N49)),7,AND(OR($AO$4<$M49,$AO$4>$N49)),0) -> 0 | AQ49: 4 | AR49: FOR_15 | BU49: =#REF! -> #REF!
B50: 46 | C50: 5 | D50: AGRICULTURE | E50: AGR_01 | F50: Enhance conservation of productive soils | H50: _ | I50: 1 | J50: 1 | M50: =H50 -> _ | N50: ='Project types'!$W$6 -> 2050 | O50: =IF(G50=1,(H50-1)+'Project types'!N51,IF(G50=2,H50-1,9999)) -> 9999 | P50: =_xlfn.IFS(AND(AND($P$4>=$H50,$P$4<=$O50)),10,AND(AND($P$4>=$M50,$P$4<=$N50)),9,AND(OR($P$4<$M50,$P$4>$N50)),0) -> 0 | Q50: =_xlfn.IFS(AND(AND($Q$4>=$H50,$Q$4<=$O50)),10,AND(AND($Q$4>=$M50,$Q$4<=$N50)),9,AND(OR($Q$4<$M50,$Q$4>$N50)),0) -> 0 | R50: =_xlfn.IFS(AND(AND($R$4>=$H50,$R$4<=$O50)),10,AND(AND($R$4>=$M50,$R$4<=$N50)),9,AND(OR($R$4<$M50,$R$4>$N50)),0) -> 0 | S50: =_xlfn.IFS(AND(AND($S$4>=$H50,$S$4<=$O50)),10,AND(AND($S$4>=$M50,$S$4<=$N50)),9,AND(OR($S$4<$M50,$S$4>$N50)),0) -> 0 | T50: =_xlfn.IFS(AND(AND($T$4>=$H50,$T$4<=$O50)),10,AND(AND($T$4>=$M50,$T$4<=$N50)),9,AND(OR($T$4<$M50,$T$4>$N50)),0) -> 0 | U50: =_xlfn.IFS(AND(AND($U$4>=$H50,$U$4<=$O50)),10,AND(AND($U$4>=$M50,$U$4<=$N50)),9,AND(OR($U$4<$M50,$U$4>$N50)),0) -> 0 | V50: =_xlfn.IFS(AND(AND($V$4>=$H50,$V$4<=$O50)),10,AND(AND($V$4>=$M50,$V$4<=$N50)),9,AND(OR($V$4<$M50,$V$4>$N50)),0) -> 0 | W50: =_xlfn.IFS(AND(AND($W$4>=$H50,$W$4<=$O50)),10,AND(AND($W$4>=$M50,$W$4<=$N50)),9,AND(OR($W$4<$M50,$W$4>$N50)),0) -> 0 | X50: =_xlfn.IFS(AND(AND($X$4>=$H50,$X$4<=$O50)),10,AND(AND($X$4>=$M50,$X$4<=$N50)),9,AND(OR($X$4<$M50,$X$4>$N50)),0) -> 0 | Y50: =_xlfn.IFS(AND(AND($Y$4>=$H50,$Y$4<=$O50)),10,AND(AND($Y$4>=$M50,$Y$4<=$N50)),9,AND(OR($Y$4<$M50,$Y$4>$N50)),0) -> 0 | Z50: =_xlfn.IFS(AND(AND($Z$4>=$H50,$Z$4<=$O50)),10,AND(AND($Z$4>=$M50,$Z$4<=$N50)),9,AND(OR($Z$4<$M50,$Z$4>$N50)),0) -> 0 | AA50: =_xlfn.IFS(AND(AND($AA$4>=$H50,$AA$4<=$O50)),10,AND(AND($AA$4>=$M50,$AA$4<=$N50)),9,AND(OR($AA$4<$M50,$AA$4>$N50)),0) -> 0 | AB50: =_xlfn.IFS(AND(AND($AB$4>=$H50,$AB$4<=$O50)),10,AND(AND($AB$4>=$M50,$AB$4<=$N50)),9,AND(OR($AB$4<$M50,$AB$4>$N50)),0) -> 0 | AC50: =_xlfn.IFS(AND(AND($AC$4>=$H50,$AC$4<=$O50)),10,AND(AND($AC$4>=$M50,$AC$4<=$N50)),9,AND(OR($AC$4<$M50,$AC$4>$N50)),0) -> 0 | AD50: =_xlfn.IFS(AND(AND($AD$4>=$H50,$AD$4<=$O50)),10,AND(AND($AD$4>=$M50,$AD$4<=$N50)),9,AND(OR($AD$4<$M50,$AD$4>$N50)),0) -> 0 | AE50: =_xlfn.IFS(AND(AND($AE$4>=$H50,$AE$4<=$O50)),10,AND(AND($AE$4>=$M50,$AE$4<=$N50)),9,AND(OR($AE$4<$M50,$AE$4>$N50)),0) -> 0 | AF50: =_xlfn.IFS(AND(AND($AF$4>=$H50,$AF$4<=$O50)),10,AND(AND($AF$4>=$M50,$AF$4<=$N50)),9,AND(OR($AF$4<$M50,$AF$4>$N50)),0) -> 0 | AG50: =_xlfn.IFS(AND(AND($AG$4>=$H50,$AG$4<=$O50)),10,AND(AND($AG$4>=$M50,$AG$4<=$N50)),9,AND(OR($AG$4<$M50,$AG$4>$N50)),0) -> 0 | AH50: =_xlfn.IFS(AND(AND($AH$4>=$H50,$AH$4<=$O50)),10,AND(AND($AH$4>=$M50,$AH$4<=$N50)),9,AND(OR($AH$4<$M50,$AH$4>$N50)),0) -> 0 | AI50: =_xlfn.IFS(AND(AND($AI$4>=$H50,$AI$4<=$O50)),10,AND(AND($AI$4>=$M50,$AI$4<=$N50)),9,AND(OR($AI$4<$M50,$AI$4>$N50)),0) -> 0 | AJ50: =_xlfn.IFS(AND(AND($AJ$4>=$H50,$AJ$4<=$O50)),10,AND(AND($AJ$4>=$M50,$AJ$4<=$N50)),9,AND(OR($AJ$4<$M50,$AJ$4>$N50)),0) -> 0 | AK50: =_xlfn.IFS(AND(AND($AK$4>=$H50,$AK$4<=$O50)),10,AND(AND($AK$4>=$M50,$AK$4<=$N50)),9,AND(OR($AK$4<$M50,$AK$4>$N50)),0) -> 0 | AL50: =_xlfn.IFS(AND(AND($AL$4>=$H50,$AL$4<=$O50)),10,AND(AND($AL$4>=$M50,$AL$4<=$N50)),9,AND(OR($AL$4<$M50,$AL$4>$N50)),0) -> 0 | AM50: =_xlfn.IFS(AND(AND($AM$4>=$H50,$AM$4<=$O50)),10,AND(AND($AM$4>=$M50,$AM$4<=$N50)),9,AND(OR($AM$4<$M50,$AM$4>$N50)),0) -> 0 | AN50: =_xlfn.IFS(AND(AND($AN$4>=$H50,$AN$4<=$O50)),10,AND(AND($AN$4>=$M50,$AN$4<=$N50)),9,AND(OR($AN$4<$M50,$AN$4>$N50)),0) -> 0 | AO50: =_xlfn.IFS(AND(AND($AO$4>=$H50,$AO$4<=$O50)),10,AND(AND($AO$4>=$M50,$AO$4<=$N50)),9,AND(OR($AO$4<$M50,$AO$4>$N50)),0) -> 0 | AQ50: 5 | AR50: AGR_01 | BU50: =#REF! -> #REF!
B51: 47 | C51: 5 | D51: AGRICULTURE | E51: AGR_02 | F51: Enhance afforestation | H51: _ | I51: 0.01 | J51: 1 | M51: =H51 -> _ | N51: ='Project types'!$W$6 -> 2050 | O51: =IF(G51=1,(H51-1)+'Project types'!N52,IF(G51=2,H51-1,9999)) -> 9999 | P51: =_xlfn.IFS(AND(AND($P$4>=$H51,$P$4<=$O51)),10,AND(AND($P$4>=$M51,$P$4<=$N51)),9,AND(OR($P$4<$M51,$P$4>$N51)),0) -> 0 | Q51: =_xlfn.IFS(AND(AND($Q$4>=$H51,$Q$4<=$O51)),10,AND(AND($Q$4>=$M51,$Q$4<=$N51)),9,AND(OR($Q$4<$M51,$Q$4>$N51)),0) -> 0 | R51: =_xlfn.IFS(AND(AND($R$4>=$H51,$R$4<=$O51)),10,AND(AND($R$4>=$M51,$R$4<=$N51)),9,AND(OR($R$4<$M51,$R$4>$N51)),0) -> 0 | S51: =_xlfn.IFS(AND(AND($S$4>=$H51,$S$4<=$O51)),10,AND(AND($S$4>=$M51,$S$4<=$N51)),9,AND(OR($S$4<$M51,$S$4>$N51)),0) -> 0 | T51: =_xlfn.IFS(AND(AND($T$4>=$H51,$T$4<=$O51)),10,AND(AND($T$4>=$M51,$T$4<=$N51)),9,AND(OR($T$4<$M51,$T$4>$N51)),0) -> 0 | U51: =_xlfn.IFS(AND(AND($U$4>=$H51,$U$4<=$O51)),10,AND(AND($U$4>=$M51,$U$4<=$N51)),9,AND(OR($U$4<$M51,$U$4>$N51)),0) -> 0 | V51: =_xlfn.IFS(AND(AND($V$4>=$H51,$V$4<=$O51)),10,AND(AND($V$4>=$M51,$V$4<=$N51)),9,AND(OR($V$4<$M51,$V$4>$N51)),0) -> 0 | W51: =_xlfn.IFS(AND(AND($W$4>=$H51,$W$4<=$O51)),10,AND(AND($W$4>=$M51,$W$4<=$N51)),9,AND(OR($W$4<$M51,$W$4>$N51)),0) -> 0 | X51: =_xlfn.IFS(AND(AND($X$4>=$H51,$X$4<=$O51)),10,AND(AND($X$4>=$M51,$X$4<=$N51)),9,AND(OR($X$4<$M51,$X$4>$N51)),0) -> 0 | Y51: =_xlfn.IFS(AND(AND($Y$4>=$H51,$Y$4<=$O51)),10,AND(AND($Y$4>=$M51,$Y$4<=$N51)),9,AND(OR($Y$4<$M51,$Y$4>$N51)),0) -> 0 | Z51: =_xlfn.IFS(AND(AND($Z$4>=$H51,$Z$4<=$O51)),10,AND(AND($Z$4>=$M51,$Z$4<=$N51)),9,AND(OR($Z$4<$M51,$Z$4>$N51)),0) -> 0 | AA51: =_xlfn.IFS(AND(AND($AA$4>=$H51,$AA$4<=$O51)),10,AND(AND($AA$4>=$M51,$AA$4<=$N51)),9,AND(OR($AA$4<$M51,$AA$4>$N51)),0) -> 0 | AB51: =_xlfn.IFS(AND(AND($AB$4>=$H51,$AB$4<=$O51)),10,AND(AND($AB$4>=$M51,$AB$4<=$N51)),9,AND(OR($AB$4<$M51,$AB$4>$N51)),0) -> 0 | AC51: =_xlfn.IFS(AND(AND($AC$4>=$H51,$AC$4<=$O51)),10,AND(AND($AC$4>=$M51,$AC$4<=$N51)),9,AND(OR($AC$4<$M51,$AC$4>$N51)),0) -> 0 | AD51: =_xlfn.IFS(AND(AND($AD$4>=$H51,$AD$4<=$O51)),10,AND(AND($AD$4>=$M51,$AD$4<=$N51)),9,AND(OR($AD$4<$M51,$AD$4>$N51)),0) -> 0 | AE51: =_xlfn.IFS(AND(AND($AE$4>=$H51,$AE$4<=$O51)),10,AND(AND($AE$4>=$M51,$AE$4<=$N51)),9,AND(OR($AE$4<$M51,$AE$4>$N51)),0) -> 0 | AF51: =_xlfn.IFS(AND(AND($AF$4>=$H51,$AF$4<=$O51)),10,AND(AND($AF$4>=$M51,$AF$4<=$N51)),9,AND(OR($AF$4<$M51,$AF$4>$N51)),0) -> 0 | AG51: =_xlfn.IFS(AND(AND($AG$4>=$H51,$AG$4<=$O51)),10,AND(AND($AG$4>=$M51,$AG$4<=$N51)),9,AND(OR($AG$4<$M51,$AG$4>$N51)),0) -> 0 | AH51: =_xlfn.IFS(AND(AND($AH$4>=$H51,$AH$4<=$O51)),10,AND(AND($AH$4>=$M51,$AH$4<=$N51)),9,AND(OR($AH$4<$M51,$AH$4>$N51)),0) -> 0 | AI51: =_xlfn.IFS(AND(AND($AI$4>=$H51,$AI$4<=$O51)),10,AND(AND($AI$4>=$M51,$AI$4<=$N51)),9,AND(OR($AI$4<$M51,$AI$4>$N51)),0) -> 0 | AJ51: =_xlfn.IFS(AND(AND($AJ$4>=$H51,$AJ$4<=$O51)),10,AND(AND($AJ$4>=$M51,$AJ$4<=$N51)),9,AND(OR($AJ$4<$M51,$AJ$4>$N51)),0) -> 0 | AK51: =_xlfn.IFS(AND(AND($AK$4>=$H51,$AK$4<=$O51)),10,AND(AND($AK$4>=$M51,$AK$4<=$N51)),9,AND(OR($AK$4<$M51,$AK$4>$N51)),0) -> 0 | AL51: =_xlfn.IFS(AND(AND($AL$4>=$H51,$AL$4<=$O51)),10,AND(AND($AL$4>=$M51,$AL$4<=$N51)),9,AND(OR($AL$4<$M51,$AL$4>$N51)),0) -> 0 | AM51: =_xlfn.IFS(AND(AND($AM$4>=$H51,$AM$4<=$O51)),10,AND(AND($AM$4>=$M51,$AM$4<=$N51)),9,AND(OR($AM$4<$M51,$AM$4>$N51)),0) -> 0 | AN51: =_xlfn.IFS(AND(AND($AN$4>=$H51,$AN$4<=$O51)),10,AND(AND($AN$4>=$M51,$AN$4<=$N51)),9,AND(OR($AN$4<$M51,$AN$4>$N51)),0) -> 0 | AO51: =_xlfn.IFS(AND(AND($AO$4>=$H51,$AO$4<=$O51)),10,AND(AND($AO$4>=$M51,$AO$4<=$N51)),9,AND(OR($AO$4<$M51,$AO$4>$N51)),0) -> 0 | AQ51: 5 | AR51: AGR_02 | BU51: =#REF! -> #REF!
B52: 48 | C52: 5 | D52: AGRICULTURE | E52: AGR_03 | F52: Enhance sustainable crops emissions management | H52: _ | I52: 1 | J52: 1 | M52: =H52 -> _ | N52: ='Project types'!$W$6 -> 2050 | O52: =IF(G52=1,(H52-1)+'Project types'!N53,IF(G52=2,H52-1,9999)) -> 9999 | P52: =_xlfn.IFS(AND(AND($P$4>=$H52,$P$4<=$O52)),10,AND(AND($P$4>=$M52,$P$4<=$N52)),9,AND(OR($P$4<$M52,$P$4>$N52)),0) -> 0 | Q52: =_xlfn.IFS(AND(AND($Q$4>=$H52,$Q$4<=$O52)),10,AND(AND($Q$4>=$M52,$Q$4<=$N52)),9,AND(OR($Q$4<$M52,$Q$4>$N52)),0) -> 0 | R52: =_xlfn.IFS(AND(AND($R$4>=$H52,$R$4<=$O52)),10,AND(AND($R$4>=$M52,$R$4<=$N52)),9,AND(OR($R$4<$M52,$R$4>$N52)),0) -> 0 | S52: =_xlfn.IFS(AND(AND($S$4>=$H52,$S$4<=$O52)),10,AND(AND($S$4>=$M52,$S$4<=$N52)),9,AND(OR($S$4<$M52,$S$4>$N52)),0) -> 0 | T52: =_xlfn.IFS(AND(AND($T$4>=$H52,$T$4<=$O52)),10,AND(AND($T$4>=$M52,$T$4<=$N52)),9,AND(OR($T$4<$M52,$T$4>$N52)),0) -> 0 | U52: =_xlfn.IFS(AND(AND($U$4>=$H52,$U$4<=$O52)),10,AND(AND($U$4>=$M52,$U$4<=$N52)),9,AND(OR($U$4<$M52,$U$4>$N52)),0) -> 0 | V52: =_xlfn.IFS(AND(AND($V$4>=$H52,$V$4<=$O52)),10,AND(AND($V$4>=$M52,$V$4<=$N52)),9,AND(OR($V$4<$M52,$V$4>$N52)),0) -> 0 | W52: =_xlfn.IFS(AND(AND($W$4>=$H52,$W$4<=$O52)),10,AND(AND($W$4>=$M52,$W$4<=$N52)),9,AND(OR($W$4<$M52,$W$4>$N52)),0) -> 0 | X52: =_xlfn.IFS(AND(AND($X$4>=$H52,$X$4<=$O52)),10,AND(AND($X$4>=$M52,$X$4<=$N52)),9,AND(OR($X$4<$M52,$X$4>$N52)),0) -> 0 | Y52: =_xlfn.IFS(AND(AND($Y$4>=$H52,$Y$4<=$O52)),10,AND(AND($Y$4>=$M52,$Y$4<=$N52)),9,AND(OR($Y$4<$M52,$Y$4>$N52)),0) -> 0 | Z52: =_xlfn.IFS(AND(AND($Z$4>=$H52,$Z$4<=$O52)),10,AND(AND($Z$4>=$M52,$Z$4<=$N52)),9,AND(OR($Z$4<$M52,$Z$4>$N52)),0) -> 0 | AA52: =_xlfn.IFS(AND(AND($AA$4>=$H52,$AA$4<=$O52)),10,AND(AND($AA$4>=$M52,$AA$4<=$N52)),9,AND(OR($AA$4<$M52,$AA$4>$N52)),0) -> 0 | AB52: =_xlfn.IFS(AND(AND($AB$4>=$H52,$AB$4<=$O52)),10,AND(AND($AB$4>=$M52,$AB$4<=$N52)),9,AND(OR($AB$4<$M52,$AB$4>$N52)),0) -> 0 | AC52: =_xlfn.IFS(AND(AND($AC$4>=$H52,$AC$4<=$O52)),10,AND(AND($AC$4>=$M52,$AC$4<=$N52)),9,AND(OR($AC$4<$M52,$AC$4>$N52)),0) -> 0 | AD52: =_xlfn.IFS(AND(AND($AD$4>=$H52,$AD$4<=$O52)),10,AND(AND($AD$4>=$M52,$AD$4<=$N52)),9,AND(OR($AD$4<$M52,$AD$4>$N52)),0) -> 0 | AE52: =_xlfn.IFS(AND(AND($AE$4>=$H52,$AE$4<=$O52)),10,AND(AND($AE$4>=$M52,$AE$4<=$N52)),9,AND(OR($AE$4<$M52,$AE$4>$N52)),0) -> 0 | AF52: =_xlfn.IFS(AND(AND($AF$4>=$H52,$AF$4<=$O52)),10,AND(AND($AF$4>=$M52,$AF$4<=$N52)),9,AND(OR($AF$4<$M52,$AF$4>$N52)),0) -> 0 | AG52: =_xlfn.IFS(AND(AND($AG$4>=$H52,$AG$4<=$O52)),10,AND(AND($AG$4>=$M52,$AG$4<=$N52)),9,AND(OR($AG$4<$M52,$AG$4>$N52)),0) -> 0 | AH52: =_xlfn.IFS(AND(AND($AH$4>=$H52,$AH$4<=$O52)),10,AND(AND($AH$4>=$M52,$AH$4<=$N52)),9,AND(OR($AH$4<$M52,$AH$4>$N52)),0) -> 0 | AI52: =_xlfn.IFS(AND(AND($AI$4>=$H52,$AI$4<=$O52)),10,AND(AND($AI$4>=$M52,$AI$4<=$N52)),9,AND(OR($AI$4<$M52,$AI$4>$N52)),0) -> 0 | AJ52: =_xlfn.IFS(AND(AND($AJ$4>=$H52,$AJ$4<=$O52)),10,AND(AND($AJ$4>=$M52,$AJ$4<=$N52)),9,AND(OR($AJ$4<$M52,$AJ$4>$N52)),0) -> 0 | AK52: =_xlfn.IFS(AND(AND($AK$4>=$H52,$AK$4<=$O52)),10,AND(AND($AK$4>=$M52,$AK$4<=$N52)),9,AND(OR($AK$4<$M52,$AK$4>$N52)),0) -> 0 | AL52: =_xlfn.IFS(AND(AND($AL$4>=$H52,$AL$4<=$O52)),10,AND(AND($AL$4>=$M52,$AL$4<=$N52)),9,AND(OR($AL$4<$M52,$AL$4>$N52)),0) -> 0 | AM52: =_xlfn.IFS(AND(AND($AM$4>=$H52,$AM$4<=$O52)),10,AND(AND($AM$4>=$M52,$AM$4<=$N52)),9,AND(OR($AM$4<$M52,$AM$4>$N52)),0) -> 0 | AN52: =_xlfn.IFS(AND(AND($AN$4>=$H52,$AN$4<=$O52)),10,AND(AND($AN$4>=$M52,$AN$4<=$N52)),9,AND(OR($AN$4<$M52,$AN$4>$N52)),0) -> 0 | AO52: =_xlfn.IFS(AND(AND($AO$4>=$H52,$AO$4<=$O52)),10,AND(AND($AO$4>=$M52,$AO$4<=$N52)),9,AND(OR($AO$4<$M52,$AO$4>$N52)),0) -> 0 | AQ52: 5 | AR52: AGR_03 | BU52: =#REF! -> #REF!
B53: 49 | C53: 5 | D53: AGRICULTURE | E53: AGR_04 | F53: Enhance sustainable pasture emissions management | H53: _ | I53: 1 | J53: 1 | M53: =H53 -> _ | N53: ='Project types'!$W$6 -> 2050 | O53: =IF(G53=1,(H53-1)+'Project types'!N54,IF(G53=2,H53-1,9999)) -> 9999 | P53: =_xlfn.IFS(AND(AND($P$4>=$H53,$P$4<=$O53)),10,AND(AND($P$4>=$M53,$P$4<=$N53)),9,AND(OR($P$4<$M53,$P$4>$N53)),0) -> 0 | Q53: =_xlfn.IFS(AND(AND($Q$4>=$H53,$Q$4<=$O53)),10,AND(AND($Q$4>=$M53,$Q$4<=$N53)),9,AND(OR($Q$4<$M53,$Q$4>$N53)),0) -> 0 | R53: =_xlfn.IFS(AND(AND($R$4>=$H53,$R$4<=$O53)),10,AND(AND($R$4>=$M53,$R$4<=$N53)),9,AND(OR($R$4<$M53,$R$4>$N53)),0) -> 0 | S53: =_xlfn.IFS(AND(AND($S$4>=$H53,$S$4<=$O53)),10,AND(AND($S$4>=$M53,$S$4<=$N53)),9,AND(OR($S$4<$M53,$S$4>$N53)),0) -> 0 | T53: =_xlfn.IFS(AND(AND($T$4>=$H53,$T$4<=$O53)),10,AND(AND($T$4>=$M53,$T$4<=$N53)),9,AND(OR($T$4<$M53,$T$4>$N53)),0) -> 0 | U53: =_xlfn.IFS(AND(AND($U$4>=$H53,$U$4<=$O53)),10,AND(AND($U$4>=$M53,$U$4<=$N53)),9,AND(OR($U$4<$M53,$U$4>$N53)),0) -> 0 | V53: =_xlfn.IFS(AND(AND($V$4>=$H53,$V$4<=$O53)),10,AND(AND($V$4>=$M53,$V$4<=$N53)),9,AND(OR($V$4<$M53,$V$4>$N53)),0) -> 0 | W53: =_xlfn.IFS(AND(AND($W$4>=$H53,$W$4<=$O53)),10,AND(AND($W$4>=$M53,$W$4<=$N53)),9,AND(OR($W$4<$M53,$W$4>$N53)),0) -> 0 | X53: =_xlfn.IFS(AND(AND($X$4>=$H53,$X$4<=$O53)),10,AND(AND($X$4>=$M53,$X$4<=$N53)),9,AND(OR($X$4<$M53,$X$4>$N53)),0) -> 0 | Y53: =_xlfn.IFS(AND(AND($Y$4>=$H53,$Y$4<=$O53)),10,AND(AND($Y$4>=$M53,$Y$4<=$N53)),9,AND(OR($Y$4<$M53,$Y$4>$N53)),0) -> 0 | Z53: =_xlfn.IFS(AND(AND($Z$4>=$H53,$Z$4<=$O53)),10,AND(AND($Z$4>=$M53,$Z$4<=$N53)),9,AND(OR($Z$4<$M53,$Z$4>$N53)),0) -> 0 | AA53: =_xlfn.IFS(AND(AND($AA$4>=$H53,$AA$4<=$O53)),10,AND(AND($AA$4>=$M53,$AA$4<=$N53)),9,AND(OR($AA$4<$M53,$AA$4>$N53)),0) -> 0 | AB53: =_xlfn.IFS(AND(AND($AB$4>=$H53,$AB$4<=$O53)),10,AND(AND($AB$4>=$M53,$AB$4<=$N53)),9,AND(OR($AB$4<$M53,$AB$4>$N53)),0) -> 0 | AC53: =_xlfn.IFS(AND(AND($AC$4>=$H53,$AC$4<=$O53)),10,AND(AND($AC$4>=$M53,$AC$4<=$N53)),9,AND(OR($AC$4<$M53,$AC$4>$N53)),0) -> 0 | AD53: =_xlfn.IFS(AND(AND($AD$4>=$H53,$AD$4<=$O53)),10,AND(AND($AD$4>=$M53,$AD$4<=$N53)),9,AND(OR($AD$4<$M53,$AD$4>$N53)),0) -> 0 | AE53: =_xlfn.IFS(AND(AND($AE$4>=$H53,$AE$4<=$O53)),10,AND(AND($AE$4>=$M53,$AE$4<=$N53)),9,AND(OR($AE$4<$M53,$AE$4>$N53)),0) -> 0 | AF53: =_xlfn.IFS(AND(AND($AF$4>=$H53,$AF$4<=$O53)),10,AND(AND($AF$4>=$M53,$AF$4<=$N53)),9,AND(OR($AF$4<$M53,$AF$4>$N53)),0) -> 0 | AG53: =_xlfn.IFS(AND(AND($AG$4>=$H53,$AG$4<=$O53)),10,AND(AND($AG$4>=$M53,$AG$4<=$N53)),9,AND(OR($AG$4<$M53,$AG$4>$N53)),0) -> 0 | AH53: =_xlfn.IFS(AND(AND($AH$4>=$H53,$AH$4<=$O53)),10,AND(AND($AH$4>=$M53,$AH$4<=$N53)),9,AND(OR($AH$4<$M53,$AH$4>$N53)),0) -> 0 | AI53: =_xlfn.IFS(AND(AND($AI$4>=$H53,$AI$4<=$O53)),10,AND(AND($AI$4>=$M53,$AI$4<=$N53)),9,AND(OR($AI$4<$M53,$AI$4>$N53)),0) -> 0 | AJ53: =_xlfn.IFS(AND(AND($AJ$4>=$H53,$AJ$4<=$O53)),10,AND(AND($AJ$4>=$M53,$AJ$4<=$N53)),9,AND(OR($AJ$4<$M53,$AJ$4>$N53)),0) -> 0 | AK53: =_xlfn.IFS(AND(AND($AK$4>=$H53,$AK$4<=$O53)),10,AND(AND($AK$4>=$M53,$AK$4<=$N53)),9,AND(OR($AK$4<$M53,$AK$4>$N53)),0) -> 0 | AL53: =_xlfn.IFS(AND(AND($AL$4>=$H53,$AL$4<=$O53)),10,AND(AND($AL$4>=$M53,$AL$4<=$N53)),9,AND(OR($AL$4<$M53,$AL$4>$N53)),0) -> 0 | AM53: =_xlfn.IFS(AND(AND($AM$4>=$H53,$AM$4<=$O53)),10,AND(AND($AM$4>=$M53,$AM$4<=$N53)),9,AND(OR($AM$4<$M53,$AM$4>$N53)),0) -> 0 | AN53: =_xlfn.IFS(AND(AND($AN$4>=$H53,$AN$4<=$O53)),10,AND(AND($AN$4>=$M53,$AN$4<=$N53)),9,AND(OR($AN$4<$M53,$AN$4>$N53)),0) -> 0 | AO53: =_xlfn.IFS(AND(AND($AO$4>=$H53,$AO$4<=$O53)),10,AND(AND($AO$4>=$M53,$AO$4<=$N53)),9,AND(OR($AO$4<$M53,$AO$4>$N53)),0) -> 0 | AQ53: 5 | AR53: AGR_04 | BU53: =#REF! -> #REF!
B54: 50 | C54: 5 | D54: AGRICULTURE | E54: AGR_05 | F54: Enhance sustainable rice fields emissions management | H54: _ | I54: 1 | J54: 1 | M54: =H54 -> _ | N54: ='Project types'!$W$6 -> 2050 | O54: =IF(G54=1,(H54-1)+'Project types'!N55,IF(G54=2,H54-1,9999)) -> 9999 | P54: =_xlfn.IFS(AND(AND($P$4>=$H54,$P$4<=$O54)),10,AND(AND($P$4>=$M54,$P$4<=$N54)),9,AND(OR($P$4<$M54,$P$4>$N54)),0) -> 0 | Q54: =_xlfn.IFS(AND(AND($Q$4>=$H54,$Q$4<=$O54)),10,AND(AND($Q$4>=$M54,$Q$4<=$N54)),9,AND(OR($Q$4<$M54,$Q$4>$N54)),0) -> 0 | R54: =_xlfn.IFS(AND(AND($R$4>=$H54,$R$4<=$O54)),10,AND(AND($R$4>=$M54,$R$4<=$N54)),9,AND(OR($R$4<$M54,$R$4>$N54)),0) -> 0 | S54: =_xlfn.IFS(AND(AND($S$4>=$H54,$S$4<=$O54)),10,AND(AND($S$4>=$M54,$S$4<=$N54)),9,AND(OR($S$4<$M54,$S$4>$N54)),0) -> 0 | T54: =_xlfn.IFS(AND(AND($T$4>=$H54,$T$4<=$O54)),10,AND(AND($T$4>=$M54,$T$4<=$N54)),9,AND(OR($T$4<$M54,$T$4>$N54)),0) -> 0 | U54: =_xlfn.IFS(AND(AND($U$4>=$H54,$U$4<=$O54)),10,AND(AND($U$4>=$M54,$U$4<=$N54)),9,AND(OR($U$4<$M54,$U$4>$N54)),0) -> 0 | V54: =_xlfn.IFS(AND(AND($V$4>=$H54,$V$4<=$O54)),10,AND(AND($V$4>=$M54,$V$4<=$N54)),9,AND(OR($V$4<$M54,$V$4>$N54)),0) -> 0 | W54: =_xlfn.IFS(AND(AND($W$4>=$H54,$W$4<=$O54)),10,AND(AND($W$4>=$M54,$W$4<=$N54)),9,AND(OR($W$4<$M54,$W$4>$N54)),0) -> 0 | X54: =_xlfn.IFS(AND(AND($X$4>=$H54,$X$4<=$O54)),10,AND(AND($X$4>=$M54,$X$4<=$N54)),9,AND(OR($X$4<$M54,$X$4>$N54)),0) -> 0 | Y54: =_xlfn.IFS(AND(AND($Y$4>=$H54,$Y$4<=$O54)),10,AND(AND($Y$4>=$M54,$Y$4<=$N54)),9,AND(OR($Y$4<$M54,$Y$4>$N54)),0) -> 0 | Z54: =_xlfn.IFS(AND(AND($Z$4>=$H54,$Z$4<=$O54)),10,AND(AND($Z$4>=$M54,$Z$4<=$N54)),9,AND(OR($Z$4<$M54,$Z$4>$N54)),0) -> 0 | AA54: =_xlfn.IFS(AND(AND($AA$4>=$H54,$AA$4<=$O54)),10,AND(AND($AA$4>=$M54,$AA$4<=$N54)),9,AND(OR($AA$4<$M54,$AA$4>$N54)),0) -> 0 | AB54: =_xlfn.IFS(AND(AND($AB$4>=$H54,$AB$4<=$O54)),10,AND(AND($AB$4>=$M54,$AB$4<=$N54)),9,AND(OR($AB$4<$M54,$AB$4>$N54)),0) -> 0 | AC54: =_xlfn.IFS(AND(AND($AC$4>=$H54,$AC$4<=$O54)),10,AND(AND($AC$4>=$M54,$AC$4<=$N54)),9,AND(OR($AC$4<$M54,$AC$4>$N54)),0) -> 0 | AD54: =_xlfn.IFS(AND(AND($AD$4>=$H54,$AD$4<=$O54)),10,AND(AND($AD$4>=$M54,$AD$4<=$N54)),9,AND(OR($AD$4<$M54,$AD$4>$N54)),0) -> 0 | AE54: =_xlfn.IFS(AND(AND($AE$4>=$H54,$AE$4<=$O54)),10,AND(AND($AE$4>=$M54,$AE$4<=$N54)),9,AND(OR($AE$4<$M54,$AE$4>$N54)),0) -> 0 | AF54: =_xlfn.IFS(AND(AND($AF$4>=$H54,$AF$4<=$O54)),10,AND(AND($AF$4>=$M54,$AF$4<=$N54)),9,AND(OR($AF$4<$M54,$AF$4>$N54)),0) -> 0 | AG54: =_xlfn.IFS(AND(AND($AG$4>=$H54,$AG$4<=$O54)),10,AND(AND($AG$4>=$M54,$AG$4<=$N54)),9,AND(OR($AG$4<$M54,$AG$4>$N54)),0) -> 0 | AH54: =_xlfn.IFS(AND(AND($AH$4>=$H54,$AH$4<=$O54)),10,AND(AND($AH$4>=$M54,$AH$4<=$N54)),9,AND(OR($AH$4<$M54,$AH$4>$N54)),0) -> 0 | AI54: =_xlfn.IFS(AND(AND($AI$4>=$H54,$AI$4<=$O54)),10,AND(AND($AI$4>=$M54,$AI$4<=$N54)),9,AND(OR($AI$4<$M54,$AI$4>$N54)),0) -> 0 | AJ54: =_xlfn.IFS(AND(AND($AJ$4>=$H54,$AJ$4<=$O54)),10,AND(AND($AJ$4>=$M54,$AJ$4<=$N54)),9,AND(OR($AJ$4<$M54,$AJ$4>$N54)),0) -> 0 | AK54: =_xlfn.IFS(AND(AND($AK$4>=$H54,$AK$4<=$O54)),10,AND(AND($AK$4>=$M54,$AK$4<=$N54)),9,AND(OR($AK$4<$M54,$AK$4>$N54)),0) -> 0 | AL54: =_xlfn.IFS(AND(AND($AL$4>=$H54,$AL$4<=$O54)),10,AND(AND($AL$4>=$M54,$AL$4<=$N54)),9,AND(OR($AL$4<$M54,$AL$4>$N54)),0) -> 0 | AM54: =_xlfn.IFS(AND(AND($AM$4>=$H54,$AM$4<=$O54)),10,AND(AND($AM$4>=$M54,$AM$4<=$N54)),9,AND(OR($AM$4<$M54,$AM$4>$N54)),0) -> 0 | AN54: =_xlfn.IFS(AND(AND($AN$4>=$H54,$AN$4<=$O54)),10,AND(AND($AN$4>=$M54,$AN$4<=$N54)),9,AND(OR($AN$4<$M54,$AN$4>$N54)),0) -> 0 | AO54: =_xlfn.IFS(AND(AND($AO$4>=$H54,$AO$4<=$O54)),10,AND(AND($AO$4>=$M54,$AO$4<=$N54)),9,AND(OR($AO$4<$M54,$AO$4>$N54)),0) -> 0 | AQ54: 5 | AR54: AGR_05 | BU54: =#REF! -> #REF!
B55: 51 | C55: 5 | D55: AGRICULTURE | E55: AGR_06 | F55: Enhance sustainable manure emissions management | H55: _ | I55: 1 | J55: 1 | M55: =H55 -> _ | N55: ='Project types'!$W$6 -> 2050 | O55: =IF(G55=1,(H55-1)+'Project types'!N56,IF(G55=2,H55-1,9999)) -> 9999 | P55: =_xlfn.IFS(AND(AND($P$4>=$H55,$P$4<=$O55)),10,AND(AND($P$4>=$M55,$P$4<=$N55)),9,AND(OR($P$4<$M55,$P$4>$N55)),0) -> 0 | Q55: =_xlfn.IFS(AND(AND($Q$4>=$H55,$Q$4<=$O55)),10,AND(AND($Q$4>=$M55,$Q$4<=$N55)),9,AND(OR($Q$4<$M55,$Q$4>$N55)),0) -> 0 | R55: =_xlfn.IFS(AND(AND($R$4>=$H55,$R$4<=$O55)),10,AND(AND($R$4>=$M55,$R$4<=$N55)),9,AND(OR($R$4<$M55,$R$4>$N55)),0) -> 0 | S55: =_xlfn.IFS(AND(AND($S$4>=$H55,$S$4<=$O55)),10,AND(AND($S$4>=$M55,$S$4<=$N55)),9,AND(OR($S$4<$M55,$S$4>$N55)),0) -> 0 | T55: =_xlfn.IFS(AND(AND($T$4>=$H55,$T$4<=$O55)),10,AND(AND($T$4>=$M55,$T$4<=$N55)),9,AND(OR($T$4<$M55,$T$4>$N55)),0) -> 0 | U55: =_xlfn.IFS(AND(AND($U$4>=$H55,$U$4<=$O55)),10,AND(AND($U$4>=$M55,$U$4<=$N55)),9,AND(OR($U$4<$M55,$U$4>$N55)),0) -> 0 | V55: =_xlfn.IFS(AND(AND($V$4>=$H55,$V$4<=$O55)),10,AND(AND($V$4>=$M55,$V$4<=$N55)),9,AND(OR($V$4<$M55,$V$4>$N55)),0) -> 0 | W55: =_xlfn.IFS(AND(AND($W$4>=$H55,$W$4<=$O55)),10,AND(AND($W$4>=$M55,$W$4<=$N55)),9,AND(OR($W$4<$M55,$W$4>$N55)),0) -> 0 | X55: =_xlfn.IFS(AND(AND($X$4>=$H55,$X$4<=$O55)),10,AND(AND($X$4>=$M55,$X$4<=$N55)),9,AND(OR($X$4<$M55,$X$4>$N55)),0) -> 0 | Y55: =_xlfn.IFS(AND(AND($Y$4>=$H55,$Y$4<=$O55)),10,AND(AND($Y$4>=$M55,$Y$4<=$N55)),9,AND(OR($Y$4<$M55,$Y$4>$N55)),0) -> 0 | Z55: =_xlfn.IFS(AND(AND($Z$4>=$H55,$Z$4<=$O55)),10,AND(AND($Z$4>=$M55,$Z$4<=$N55)),9,AND(OR($Z$4<$M55,$Z$4>$N55)),0) -> 0 | AA55: =_xlfn.IFS(AND(AND($AA$4>=$H55,$AA$4<=$O55)),10,AND(AND($AA$4>=$M55,$AA$4<=$N55)),9,AND(OR($AA$4<$M55,$AA$4>$N55)),0) -> 0 | AB55: =_xlfn.IFS(AND(AND($AB$4>=$H55,$AB$4<=$O55)),10,AND(AND($AB$4>=$M55,$AB$4<=$N55)),9,AND(OR($AB$4<$M55,$AB$4>$N55)),0) -> 0 | AC55: =_xlfn.IFS(AND(AND($AC$4>=$H55,$AC$4<=$O55)),10,AND(AND($AC$4>=$M55,$AC$4<=$N55)),9,AND(OR($AC$4<$M55,$AC$4>$N55)),0) -> 0 | AD55: =_xlfn.IFS(AND(AND($AD$4>=$H55,$AD$4<=$O55)),10,AND(AND($AD$4>=$M55,$AD$4<=$N55)),9,AND(OR($AD$4<$M55,$AD$4>$N55)),0) -> 0 | AE55: =_xlfn.IFS(AND(AND($AE$4>=$H55,$AE$4<=$O55)),10,AND(AND($AE$4>=$M55,$AE$4<=$N55)),9,AND(OR($AE$4<$M55,$AE$4>$N55)),0) -> 0 | AF55: =_xlfn.IFS(AND(AND($AF$4>=$H55,$AF$4<=$O55)),10,AND(AND($AF$4>=$M55,$AF$4<=$N55)),9,AND(OR($AF$4<$M55,$AF$4>$N55)),0) -> 0 | AG55: =_xlfn.IFS(AND(AND($AG$4>=$H55,$AG$4<=$O55)),10,AND(AND($AG$4>=$M55,$AG$4<=$N55)),9,AND(OR($AG$4<$M55,$AG$4>$N55)),0) -> 0 | AH55: =_xlfn.IFS(AND(AND($AH$4>=$H55,$AH$4<=$O55)),10,AND(AND($AH$4>=$M55,$AH$4<=$N55)),9,AND(OR($AH$4<$M55,$AH$4>$N55)),0) -> 0 | AI55: =_xlfn.IFS(AND(AND($AI$4>=$H55,$AI$4<=$O55)),10,AND(AND($AI$4>=$M55,$AI$4<=$N55)),9,AND(OR($AI$4<$M55,$AI$4>$N55)),0) -> 0 | AJ55: =_xlfn.IFS(AND(AND($AJ$4>=$H55,$AJ$4<=$O55)),10,AND(AND($AJ$4>=$M55,$AJ$4<=$N55)),9,AND(OR($AJ$4<$M55,$AJ$4>$N55)),0) -> 0 | AK55: =_xlfn.IFS(AND(AND($AK$4>=$H55,$AK$4<=$O55)),10,AND(AND($AK$4>=$M55,$AK$4<=$N55)),9,AND(OR($AK$4<$M55,$AK$4>$N55)),0) -> 0 | AL55: =_xlfn.IFS(AND(AND($AL$4>=$H55,$AL$4<=$O55)),10,AND(AND($AL$4>=$M55,$AL$4<=$N55)),9,AND(OR($AL$4<$M55,$AL$4>$N55)),0) -> 0 | AM55: =_xlfn.IFS(AND(AND($AM$4>=$H55,$AM$4<=$O55)),10,AND(AND($AM$4>=$M55,$AM$4<=$N55)),9,AND(OR($AM$4<$M55,$AM$4>$N55)),0) -> 0 | AN55: =_xlfn.IFS(AND(AND($AN$4>=$H55,$AN$4<=$O55)),10,AND(AND($AN$4>=$M55,$AN$4<=$N55)),9,AND(OR($AN$4<$M55,$AN$4>$N55)),0) -> 0 | AO55: =_xlfn.IFS(AND(AND($AO$4>=$H55,$AO$4<=$O55)),10,AND(AND($AO$4>=$M55,$AO$4<=$N55)),9,AND(OR($AO$4<$M55,$AO$4>$N55)),0) -> 0 | AQ55: 5 | AR55: AGR_06 | BU55: =#REF! -> #REF!
B56: 52 | C56: 5 | D56: AGRICULTURE | E56: AGR_07 | F56: Reduce enteric fermentation | H56: _ | I56: 1 | J56: 1 | M56: =H56 -> _ | N56: ='Project types'!$W$6 -> 2050 | O56: =IF(G56=1,(H56-1)+'Project types'!N57,IF(G56=2,H56-1,9999)) -> 9999 | P56: =_xlfn.IFS(AND(AND($P$4>=$H56,$P$4<=$O56)),10,AND(AND($P$4>=$M56,$P$4<=$N56)),9,AND(OR($P$4<$M56,$P$4>$N56)),0) -> 0 | Q56: =_xlfn.IFS(AND(AND($Q$4>=$H56,$Q$4<=$O56)),10,AND(AND($Q$4>=$M56,$Q$4<=$N56)),9,AND(OR($Q$4<$M56,$Q$4>$N56)),0) -> 0 | R56: =_xlfn.IFS(AND(AND($R$4>=$H56,$R$4<=$O56)),10,AND(AND($R$4>=$M56,$R$4<=$N56)),9,AND(OR($R$4<$M56,$R$4>$N56)),0) -> 0 | S56: =_xlfn.IFS(AND(AND($S$4>=$H56,$S$4<=$O56)),10,AND(AND($S$4>=$M56,$S$4<=$N56)),9,AND(OR($S$4<$M56,$S$4>$N56)),0) -> 0 | T56: =_xlfn.IFS(AND(AND($T$4>=$H56,$T$4<=$O56)),10,AND(AND($T$4>=$M56,$T$4<=$N56)),9,AND(OR($T$4<$M56,$T$4>$N56)),0) -> 0 | U56: =_xlfn.IFS(AND(AND($U$4>=$H56,$U$4<=$O56)),10,AND(AND($U$4>=$M56,$U$4<=$N56)),9,AND(OR($U$4<$M56,$U$4>$N56)),0) -> 0 | V56: =_xlfn.IFS(AND(AND($V$4>=$H56,$V$4<=$O56)),10,AND(AND($V$4>=$M56,$V$4<=$N56)),9,AND(OR($V$4<$M56,$V$4>$N56)),0) -> 0 | W56: =_xlfn.IFS(AND(AND($W$4>=$H56,$W$4<=$O56)),10,AND(AND($W$4>=$M56,$W$4<=$N56)),9,AND(OR($W$4<$M56,$W$4>$N56)),0) -> 0 | X56: =_xlfn.IFS(AND(AND($X$4>=$H56,$X$4<=$O56)),10,AND(AND($X$4>=$M56,$X$4<=$N56)),9,AND(OR($X$4<$M56,$X$4>$N56)),0) -> 0 | Y56: =_xlfn.IFS(AND(AND($Y$4>=$H56,$Y$4<=$O56)),10,AND(AND($Y$4>=$M56,$Y$4<=$N56)),9,AND(OR($Y$4<$M56,$Y$4>$N56)),0) -> 0 | Z56: =_xlfn.IFS(AND(AND($Z$4>=$H56,$Z$4<=$O56)),10,AND(AND($Z$4>=$M56,$Z$4<=$N56)),9,AND(OR($Z$4<$M56,$Z$4>$N56)),0) -> 0 | AA56: =_xlfn.IFS(AND(AND($AA$4>=$H56,$AA$4<=$O56)),10,AND(AND($AA$4>=$M56,$AA$4<=$N56)),9,AND(OR($AA$4<$M56,$AA$4>$N56)),0) -> 0 | AB56: =_xlfn.IFS(AND(AND($AB$4>=$H56,$AB$4<=$O56)),10,AND(AND($AB$4>=$M56,$AB$4<=$N56)),9,AND(OR($AB$4<$M56,$AB$4>$N56)),0) -> 0 | AC56: =_xlfn.IFS(AND(AND($AC$4>=$H56,$AC$4<=$O56)),10,AND(AND($AC$4>=$M56,$AC$4<=$N56)),9,AND(OR($AC$4<$M56,$AC$4>$N56)),0) -> 0 | AD56: =_xlfn.IFS(AND(AND($AD$4>=$H56,$AD$4<=$O56)),10,AND(AND($AD$4>=$M56,$AD$4<=$N56)),9,AND(OR($AD$4<$M56,$AD$4>$N56)),0) -> 0 | AE56: =_xlfn.IFS(AND(AND($AE$4>=$H56,$AE$4<=$O56)),10,AND(AND($AE$4>=$M56,$AE$4<=$N56)),9,AND(OR($AE$4<$M56,$AE$4>$N56)),0) -> 0 | AF56: =_xlfn.IFS(AND(AND($AF$4>=$H56,$AF$4<=$O56)),10,AND(AND($AF$4>=$M56,$AF$4<=$N56)),9,AND(OR($AF$4<$M56,$AF$4>$N56)),0) -> 0 | AG56: =_xlfn.IFS(AND(AND($AG$4>=$H56,$AG$4<=$O56)),10,AND(AND($AG$4>=$M56,$AG$4<=$N56)),9,AND(OR($AG$4<$M56,$AG$4>$N56)),0) -> 0 | AH56: =_xlfn.IFS(AND(AND($AH$4>=$H56,$AH$4<=$O56)),10,AND(AND($AH$4>=$M56,$AH$4<=$N56)),9,AND(OR($AH$4<$M56,$AH$4>$N56)),0) -> 0 | AI56: =_xlfn.IFS(AND(AND($AI$4>=$H56,$AI$4<=$O56)),10,AND(AND($AI$4>=$M56,$AI$4<=$N56)),9,AND(OR($AI$4<$M56,$AI$4>$N56)),0) -> 0 | AJ56: =_xlfn.IFS(AND(AND($AJ$4>=$H56,$AJ$4<=$O56)),10,AND(AND($AJ$4>=$M56,$AJ$4<=$N56)),9,AND(OR($AJ$4<$M56,$AJ$4>$N56)),0) -> 0 | AK56: =_xlfn.IFS(AND(AND($AK$4>=$H56,$AK$4<=$O56)),10,AND(AND($AK$4>=$M56,$AK$4<=$N56)),9,AND(OR($AK$4<$M56,$AK$4>$N56)),0) -> 0 | AL56: =_xlfn.IFS(AND(AND($AL$4>=$H56,$AL$4<=$O56)),10,AND(AND($AL$4>=$M56,$AL$4<=$N56)),9,AND(OR($AL$4<$M56,$AL$4>$N56)),0) -> 0 | AM56: =_xlfn.IFS(AND(AND($AM$4>=$H56,$AM$4<=$O56)),10,AND(AND($AM$4>=$M56,$AM$4<=$N56)),9,AND(OR($AM$4<$M56,$AM$4>$N56)),0) -> 0 | AN56: =_xlfn.IFS(AND(AND($AN$4>=$H56,$AN$4<=$O56)),10,AND(AND($AN$4>=$M56,$AN$4<=$N56)),9,AND(OR($AN$4<$M56,$AN$4>$N56)),0) -> 0 | AO56: =_xlfn.IFS(AND(AND($AO$4>=$H56,$AO$4<=$O56)),10,AND(AND($AO$4>=$M56,$AO$4<=$N56)),9,AND(OR($AO$4<$M56,$AO$4>$N56)),0) -> 0 | AQ56: 5 | AR56: AGR_07 | BU56: =#REF! -> #REF!
B57: 53 | C57: 5 | D57: AGRICULTURE | E57: AGR_08 | F57: Reduce use of synthetic fertilizers | H57: _ | I57: 1 | J57: 1 | M57: =H57 -> _ | N57: ='Project types'!$W$6 -> 2050 | O57: =IF(G57=1,(H57-1)+'Project types'!N58,IF(G57=2,H57-1,9999)) -> 9999 | P57: =_xlfn.IFS(AND(AND($P$4>=$H57,$P$4<=$O57)),10,AND(AND($P$4>=$M57,$P$4<=$N57)),9,AND(OR($P$4<$M57,$P$4>$N57)),0) -> 0 | Q57: =_xlfn.IFS(AND(AND($Q$4>=$H57,$Q$4<=$O57)),10,AND(AND($Q$4>=$M57,$Q$4<=$N57)),9,AND(OR($Q$4<$M57,$Q$4>$N57)),0) -> 0 | R57: =_xlfn.IFS(AND(AND($R$4>=$H57,$R$4<=$O57)),10,AND(AND($R$4>=$M57,$R$4<=$N57)),9,AND(OR($R$4<$M57,$R$4>$N57)),0) -> 0 | S57: =_xlfn.IFS(AND(AND($S$4>=$H57,$S$4<=$O57)),10,AND(AND($S$4>=$M57,$S$4<=$N57)),9,AND(OR($S$4<$M57,$S$4>$N57)),0) -> 0 | T57: =_xlfn.IFS(AND(AND($T$4>=$H57,$T$4<=$O57)),10,AND(AND($T$4>=$M57,$T$4<=$N57)),9,AND(OR($T$4<$M57,$T$4>$N57)),0) -> 0 | U57: =_xlfn.IFS(AND(AND($U$4>=$H57,$U$4<=$O57)),10,AND(AND($U$4>=$M57,$U$4<=$N57)),9,AND(OR($U$4<$M57,$U$4>$N57)),0) -> 0 | V57: =_xlfn.IFS(AND(AND($V$4>=$H57,$V$4<=$O57)),10,AND(AND($V$4>=$M57,$V$4<=$N57)),9,AND(OR($V$4<$M57,$V$4>$N57)),0) -> 0 | W57: =_xlfn.IFS(AND(AND($W$4>=$H57,$W$4<=$O57)),10,AND(AND($W$4>=$M57,$W$4<=$N57)),9,AND(OR($W$4<$M57,$W$4>$N57)),0) -> 0 | X57: =_xlfn.IFS(AND(AND($X$4>=$H57,$X$4<=$O57)),10,AND(AND($X$4>=$M57,$X$4<=$N57)),9,AND(OR($X$4<$M57,$X$4>$N57)),0) -> 0 | Y57: =_xlfn.IFS(AND(AND($Y$4>=$H57,$Y$4<=$O57)),10,AND(AND($Y$4>=$M57,$Y$4<=$N57)),9,AND(OR($Y$4<$M57,$Y$4>$N57)),0) -> 0 | Z57: =_xlfn.IFS(AND(AND($Z$4>=$H57,$Z$4<=$O57)),10,AND(AND($Z$4>=$M57,$Z$4<=$N57)),9,AND(OR($Z$4<$M57,$Z$4>$N57)),0) -> 0 | AA57: =_xlfn.IFS(AND(AND($AA$4>=$H57,$AA$4<=$O57)),10,AND(AND($AA$4>=$M57,$AA$4<=$N57)),9,AND(OR($AA$4<$M57,$AA$4>$N57)),0) -> 0 | AB57: =_xlfn.IFS(AND(AND($AB$4>=$H57,$AB$4<=$O57)),10,AND(AND($AB$4>=$M57,$AB$4<=$N57)),9,AND(OR($AB$4<$M57,$AB$4>$N57)),0) -> 0 | AC57: =_xlfn.IFS(AND(AND($AC$4>=$H57,$AC$4<=$O57)),10,AND(AND($AC$4>=$M57,$AC$4<=$N57)),9,AND(OR($AC$4<$M57,$AC$4>$N57)),0) -> 0 | AD57: =_xlfn.IFS(AND(AND($AD$4>=$H57,$AD$4<=$O57)),10,AND(AND($AD$4>=$M57,$AD$4<=$N57)),9,AND(OR($AD$4<$M57,$AD$4>$N57)),0) -> 0 | AE57: =_xlfn.IFS(AND(AND($AE$4>=$H57,$AE$4<=$O57)),10,AND(AND($AE$4>=$M57,$AE$4<=$N57)),9,AND(OR($AE$4<$M57,$AE$4>$N57)),0) -> 0 | AF57: =_xlfn.IFS(AND(AND($AF$4>=$H57,$AF$4<=$O57)),10,AND(AND($AF$4>=$M57,$AF$4<=$N57)),9,AND(OR($AF$4<$M57,$AF$4>$N57)),0) -> 0 | AG57: =_xlfn.IFS(AND(AND($AG$4>=$H57,$AG$4<=$O57)),10,AND(AND($AG$4>=$M57,$AG$4<=$N57)),9,AND(OR($AG$4<$M57,$AG$4>$N57)),0) -> 0 | AH57: =_xlfn.IFS(AND(AND($AH$4>=$H57,$AH$4<=$O57)),10,AND(AND($AH$4>=$M57,$AH$4<=$N57)),9,AND(OR($AH$4<$M57,$AH$4>$N57)),0) -> 0 | AI57: =_xlfn.IFS(AND(AND($AI$4>=$H57,$AI$4<=$O57)),10,AND(AND($AI$4>=$M57,$AI$4<=$N57)),9,AND(OR($AI$4<$M57,$AI$4>$N57)),0) -> 0 | AJ57: =_xlfn.IFS(AND(AND($AJ$4>=$H57,$AJ$4<=$O57)),10,AND(AND($AJ$4>=$M57,$AJ$4<=$N57)),9,AND(OR($AJ$4<$M57,$AJ$4>$N57)),0) -> 0 | AK57: =_xlfn.IFS(AND(AND($AK$4>=$H57,$AK$4<=$O57)),10,AND(AND($AK$4>=$M57,$AK$4<=$N57)),9,AND(OR($AK$4<$M57,$AK$4>$N57)),0) -> 0 | AL57: =_xlfn.IFS(AND(AND($AL$4>=$H57,$AL$4<=$O57)),10,AND(AND($AL$4>=$M57,$AL$4<=$N57)),9,AND(OR($AL$4<$M57,$AL$4>$N57)),0) -> 0 | AM57: =_xlfn.IFS(AND(AND($AM$4>=$H57,$AM$4<=$O57)),10,AND(AND($AM$4>=$M57,$AM$4<=$N57)),9,AND(OR($AM$4<$M57,$AM$4>$N57)),0) -> 0 | AN57: =_xlfn.IFS(AND(AND($AN$4>=$H57,$AN$4<=$O57)),10,AND(AND($AN$4>=$M57,$AN$4<=$N57)),9,AND(OR($AN$4<$M57,$AN$4>$N57)),0) -> 0 | AO57: =_xlfn.IFS(AND(AND($AO$4>=$H57,$AO$4<=$O57)),10,AND(AND($AO$4>=$M57,$AO$4<=$N57)),9,AND(OR($AO$4<$M57,$AO$4>$N57)),0) -> 0 | AQ57: 5 | AR57: AGR_08 | BU57: =#REF! -> #REF!
B58: 54 | C58: 5 | D58: AGRICULTURE | E58: AGR_09 | F58: Enhance sustainable water management | H58: _ | I58: 0.1 | J58: 1 | M58: =H58 -> _ | N58: ='Project types'!$W$6 -> 2050 | O58: =IF(G58=1,(H58-1)+'Project types'!N59,IF(G58=2,H58-1,9999)) -> 9999 | P58: =_xlfn.IFS(AND(AND($P$4>=$H58,$P$4<=$O58)),10,AND(AND($P$4>=$M58,$P$4<=$N58)),9,AND(OR($P$4<$M58,$P$4>$N58)),0) -> 0 | Q58: =_xlfn.IFS(AND(AND($Q$4>=$H58,$Q$4<=$O58)),10,AND(AND($Q$4>=$M58,$Q$4<=$N58)),9,AND(OR($Q$4<$M58,$Q$4>$N58)),0) -> 0 | R58: =_xlfn.IFS(AND(AND($R$4>=$H58,$R$4<=$O58)),10,AND(AND($R$4>=$M58,$R$4<=$N58)),9,AND(OR($R$4<$M58,$R$4>$N58)),0) -> 0 | S58: =_xlfn.IFS(AND(AND($S$4>=$H58,$S$4<=$O58)),10,AND(AND($S$4>=$M58,$S$4<=$N58)),9,AND(OR($S$4<$M58,$S$4>$N58)),0) -> 0 | T58: =_xlfn.IFS(AND(AND($T$4>=$H58,$T$4<=$O58)),10,AND(AND($T$4>=$M58,$T$4<=$N58)),9,AND(OR($T$4<$M58,$T$4>$N58)),0) -> 0 | U58: =_xlfn.IFS(AND(AND($U$4>=$H58,$U$4<=$O58)),10,AND(AND($U$4>=$M58,$U$4<=$N58)),9,AND(OR($U$4<$M58,$U$4>$N58)),0) -> 0 | V58: =_xlfn.IFS(AND(AND($V$4>=$H58,$V$4<=$O58)),10,AND(AND($V$4>=$M58,$V$4<=$N58)),9,AND(OR($V$4<$M58,$V$4>$N58)),0) -> 0 | W58: =_xlfn.IFS(AND(AND($W$4>=$H58,$W$4<=$O58)),10,AND(AND($W$4>=$M58,$W$4<=$N58)),9,AND(OR($W$4<$M58,$W$4>$N58)),0) -> 0 | X58: =_xlfn.IFS(AND(AND($X$4>=$H58,$X$4<=$O58)),10,AND(AND($X$4>=$M58,$X$4<=$N58)),9,AND(OR($X$4<$M58,$X$4>$N58)),0) -> 0 | Y58: =_xlfn.IFS(AND(AND($Y$4>=$H58,$Y$4<=$O58)),10,AND(AND($Y$4>=$M58,$Y$4<=$N58)),9,AND(OR($Y$4<$M58,$Y$4>$N58)),0) -> 0 | Z58: =_xlfn.IFS(AND(AND($Z$4>=$H58,$Z$4<=$O58)),10,AND(AND($Z$4>=$M58,$Z$4<=$N58)),9,AND(OR($Z$4<$M58,$Z$4>$N58)),0) -> 0 | AA58: =_xlfn.IFS(AND(AND($AA$4>=$H58,$AA$4<=$O58)),10,AND(AND($AA$4>=$M58,$AA$4<=$N58)),9,AND(OR($AA$4<$M58,$AA$4>$N58)),0) -> 0 | AB58: =_xlfn.IFS(AND(AND($AB$4>=$H58,$AB$4<=$O58)),10,AND(AND($AB$4>=$M58,$AB$4<=$N58)),9,AND(OR($AB$4<$M58,$AB$4>$N58)),0) -> 0 | AC58: =_xlfn.IFS(AND(AND($AC$4>=$H58,$AC$4<=$O58)),10,AND(AND($AC$4>=$M58,$AC$4<=$N58)),9,AND(OR($AC$4<$M58,$AC$4>$N58)),0) -> 0 | AD58: =_xlfn.IFS(AND(AND($AD$4>=$H58,$AD$4<=$O58)),10,AND(AND($AD$4>=$M58,$AD$4<=$N58)),9,AND(OR($AD$4<$M58,$AD$4>$N58)),0) -> 0 | AE58: =_xlfn.IFS(AND(AND($AE$4>=$H58,$AE$4<=$O58)),10,AND(AND($AE$4>=$M58,$AE$4<=$N58)),9,AND(OR($AE$4<$M58,$AE$4>$N58)),0) -> 0 | AF58: =_xlfn.IFS(AND(AND($AF$4>=$H58,$AF$4<=$O58)),10,AND(AND($AF$4>=$M58,$AF$4<=$N58)),9,AND(OR($AF$4<$M58,$AF$4>$N58)),0) -> 0 | AG58: =_xlfn.IFS(AND(AND($AG$4>=$H58,$AG$4<=$O58)),10,AND(AND($AG$4>=$M58,$AG$4<=$N58)),9,AND(OR($AG$4<$M58,$AG$4>$N58)),0) -> 0 | AH58: =_xlfn.IFS(AND(AND($AH$4>=$H58,$AH$4<=$O58)),10,AND(AND($AH$4>=$M58,$AH$4<=$N58)),9,AND(OR($AH$4<$M58,$AH$4>$N58)),0) -> 0 | AI58: =_xlfn.IFS(AND(AND($AI$4>=$H58,$AI$4<=$O58)),10,AND(AND($AI$4>=$M58,$AI$4<=$N58)),9,AND(OR($AI$4<$M58,$AI$4>$N58)),0) -> 0 | AJ58: =_xlfn.IFS(AND(AND($AJ$4>=$H58,$AJ$4<=$O58)),10,AND(AND($AJ$4>=$M58,$AJ$4<=$N58)),9,AND(OR($AJ$4<$M58,$AJ$4>$N58)),0) -> 0 | AK58: =_xlfn.IFS(AND(AND($AK$4>=$H58,$AK$4<=$O58)),10,AND(AND($AK$4>=$M58,$AK$4<=$N58)),9,AND(OR($AK$4<$M58,$AK$4>$N58)),0) -> 0 | AL58: =_xlfn.IFS(AND(AND($AL$4>=$H58,$AL$4<=$O58)),10,AND(AND($AL$4>=$M58,$AL$4<=$N58)),9,AND(OR($AL$4<$M58,$AL$4>$N58)),0) -> 0 | AM58: =_xlfn.IFS(AND(AND($AM$4>=$H58,$AM$4<=$O58)),10,AND(AND($AM$4>=$M58,$AM$4<=$N58)),9,AND(OR($AM$4<$M58,$AM$4>$N58)),0) -> 0 | AN58: =_xlfn.IFS(AND(AND($AN$4>=$H58,$AN$4<=$O58)),10,AND(AND($AN$4>=$M58,$AN$4<=$N58)),9,AND(OR($AN$4<$M58,$AN$4>$N58)),0) -> 0 | AO58: =_xlfn.IFS(AND(AND($AO$4>=$H58,$AO$4<=$O58)),10,AND(AND($AO$4>=$M58,$AO$4<=$N58)),9,AND(OR($AO$4<$M58,$AO$4>$N58)),0) -> 0 | AQ58: 5 | AR58: AGR_09 | BU58: =#REF! -> #REF!
B59: 55 | C59: 5 | D59: AGRICULTURE | E59: AGR_10 | F59: Enhance sustainable waste management | H59: _ | I59: 1 | J59: 1 | M59: =H59 -> _ | N59: ='Project types'!$W$6 -> 2050 | O59: =IF(G59=1,(H59-1)+'Project types'!N60,IF(G59=2,H59-1,9999)) -> 9999 | P59: =_xlfn.IFS(AND(AND($P$4>=$H59,$P$4<=$O59)),10,AND(AND($P$4>=$M59,$P$4<=$N59)),9,AND(OR($P$4<$M59,$P$4>$N59)),0) -> 0 | Q59: =_xlfn.IFS(AND(AND($Q$4>=$H59,$Q$4<=$O59)),10,AND(AND($Q$4>=$M59,$Q$4<=$N59)),9,AND(OR($Q$4<$M59,$Q$4>$N59)),0) -> 0 | R59: =_xlfn.IFS(AND(AND($R$4>=$H59,$R$4<=$O59)),10,AND(AND($R$4>=$M59,$R$4<=$N59)),9,AND(OR($R$4<$M59,$R$4>$N59)),0) -> 0 | S59: =_xlfn.IFS(AND(AND($S$4>=$H59,$S$4<=$O59)),10,AND(AND($S$4>=$M59,$S$4<=$N59)),9,AND(OR($S$4<$M59,$S$4>$N59)),0) -> 0 | T59: =_xlfn.IFS(AND(AND($T$4>=$H59,$T$4<=$O59)),10,AND(AND($T$4>=$M59,$T$4<=$N59)),9,AND(OR($T$4<$M59,$T$4>$N59)),0) -> 0 | U59: =_xlfn.IFS(AND(AND($U$4>=$H59,$U$4<=$O59)),10,AND(AND($U$4>=$M59,$U$4<=$N59)),9,AND(OR($U$4<$M59,$U$4>$N59)),0) -> 0 | V59: =_xlfn.IFS(AND(AND($V$4>=$H59,$V$4<=$O59)),10,AND(AND($V$4>=$M59,$V$4<=$N59)),9,AND(OR($V$4<$M59,$V$4>$N59)),0) -> 0 | W59: =_xlfn.IFS(AND(AND($W$4>=$H59,$W$4<=$O59)),10,AND(AND($W$4>=$M59,$W$4<=$N59)),9,AND(OR($W$4<$M59,$W$4>$N59)),0) -> 0 | X59: =_xlfn.IFS(AND(AND($X$4>=$H59,$X$4<=$O59)),10,AND(AND($X$4>=$M59,$X$4<=$N59)),9,AND(OR($X$4<$M59,$X$4>$N59)),0) -> 0 | Y59: =_xlfn.IFS(AND(AND($Y$4>=$H59,$Y$4<=$O59)),10,AND(AND($Y$4>=$M59,$Y$4<=$N59)),9,AND(OR($Y$4<$M59,$Y$4>$N59)),0) -> 0 | Z59: =_xlfn.IFS(AND(AND($Z$4>=$H59,$Z$4<=$O59)),10,AND(AND($Z$4>=$M59,$Z$4<=$N59)),9,AND(OR($Z$4<$M59,$Z$4>$N59)),0) -> 0 | AA59: =_xlfn.IFS(AND(AND($AA$4>=$H59,$AA$4<=$O59)),10,AND(AND($AA$4>=$M59,$AA$4<=$N59)),9,AND(OR($AA$4<$M59,$AA$4>$N59)),0) -> 0 | AB59: =_xlfn.IFS(AND(AND($AB$4>=$H59,$AB$4<=$O59)),10,AND(AND($AB$4>=$M59,$AB$4<=$N59)),9,AND(OR($AB$4<$M59,$AB$4>$N59)),0) -> 0 | AC59: =_xlfn.IFS(AND(AND($AC$4>=$H59,$AC$4<=$O59)),10,AND(AND($AC$4>=$M59,$AC$4<=$N59)),9,AND(OR($AC$4<$M59,$AC$4>$N59)),0) -> 0 | AD59: =_xlfn.IFS(AND(AND($AD$4>=$H59,$AD$4<=$O59)),10,AND(AND($AD$4>=$M59,$AD$4<=$N59)),9,AND(OR($AD$4<$M59,$AD$4>$N59)),0) -> 0 | AE59: =_xlfn.IFS(AND(AND($AE$4>=$H59,$AE$4<=$O59)),10,AND(AND($AE$4>=$M59,$AE$4<=$N59)),9,AND(OR($AE$4<$M59,$AE$4>$N59)),0) -> 0 | AF59: =_xlfn.IFS(AND(AND($AF$4>=$H59,$AF$4<=$O59)),10,AND(AND($AF$4>=$M59,$AF$4<=$N59)),9,AND(OR($AF$4<$M59,$AF$4>$N59)),0) -> 0 | AG59: =_xlfn.IFS(AND(AND($AG$4>=$H59,$AG$4<=$O59)),10,AND(AND($AG$4>=$M59,$AG$4<=$N59)),9,AND(OR($AG$4<$M59,$AG$4>$N59)),0) -> 0 | AH59: =_xlfn.IFS(AND(AND($AH$4>=$H59,$AH$4<=$O59)),10,AND(AND($AH$4>=$M59,$AH$4<=$N59)),9,AND(OR($AH$4<$M59,$AH$4>$N59)),0) -> 0 | AI59: =_xlfn.IFS(AND(AND($AI$4>=$H59,$AI$4<=$O59)),10,AND(AND($AI$4>=$M59,$AI$4<=$N59)),9,AND(OR($AI$4<$M59,$AI$4>$N59)),0) -> 0 | AJ59: =_xlfn.IFS(AND(AND($AJ$4>=$H59,$AJ$4<=$O59)),10,AND(AND($AJ$4>=$M59,$AJ$4<=$N59)),9,AND(OR($AJ$4<$M59,$AJ$4>$N59)),0) -> 0 | AK59: =_xlfn.IFS(AND(AND($AK$4>=$H59,$AK$4<=$O59)),10,AND(AND($AK$4>=$M59,$AK$4<=$N59)),9,AND(OR($AK$4<$M59,$AK$4>$N59)),0) -> 0 | AL59: =_xlfn.IFS(AND(AND($AL$4>=$H59,$AL$4<=$O59)),10,AND(AND($AL$4>=$M59,$AL$4<=$N59)),9,AND(OR($AL$4<$M59,$AL$4>$N59)),0) -> 0 | AM59: =_xlfn.IFS(AND(AND($AM$4>=$H59,$AM$4<=$O59)),10,AND(AND($AM$4>=$M59,$AM$4<=$N59)),9,AND(OR($AM$4<$M59,$AM$4>$N59)),0) -> 0 | AN59: =_xlfn.IFS(AND(AND($AN$4>=$H59,$AN$4<=$O59)),10,AND(AND($AN$4>=$M59,$AN$4<=$N59)),9,AND(OR($AN$4<$M59,$AN$4>$N59)),0) -> 0 | AO59: =_xlfn.IFS(AND(AND($AO$4>=$H59,$AO$4<=$O59)),10,AND(AND($AO$4>=$M59,$AO$4<=$N59)),9,AND(OR($AO$4<$M59,$AO$4>$N59)),0) -> 0 | AQ59: 5 | AR59: AGR_10 | BU59: =#REF! -> #REF!
B60: 56 | C60: 5 | D60: AGRICULTURE | E60: AGR_11 | F60: Enhance energy efficiency | H60: _ | I60: 1 | J60: 1 | M60: =H60 -> _ | N60: ='Project types'!$W$6 -> 2050 | O60: =IF(G60=1,(H60-1)+'Project types'!N61,IF(G60=2,H60-1,9999)) -> 9999 | P60: =_xlfn.IFS(AND(AND($P$4>=$H60,$P$4<=$O60)),10,AND(AND($P$4>=$M60,$P$4<=$N60)),9,AND(OR($P$4<$M60,$P$4>$N60)),0) -> 0 | Q60: =_xlfn.IFS(AND(AND($Q$4>=$H60,$Q$4<=$O60)),10,AND(AND($Q$4>=$M60,$Q$4<=$N60)),9,AND(OR($Q$4<$M60,$Q$4>$N60)),0) -> 0 | R60: =_xlfn.IFS(AND(AND($R$4>=$H60,$R$4<=$O60)),10,AND(AND($R$4>=$M60,$R$4<=$N60)),9,AND(OR($R$4<$M60,$R$4>$N60)),0) -> 0 | S60: =_xlfn.IFS(AND(AND($S$4>=$H60,$S$4<=$O60)),10,AND(AND($S$4>=$M60,$S$4<=$N60)),9,AND(OR($S$4<$M60,$S$4>$N60)),0) -> 0 | T60: =_xlfn.IFS(AND(AND($T$4>=$H60,$T$4<=$O60)),10,AND(AND($T$4>=$M60,$T$4<=$N60)),9,AND(OR($T$4<$M60,$T$4>$N60)),0) -> 0 | U60: =_xlfn.IFS(AND(AND($U$4>=$H60,$U$4<=$O60)),10,AND(AND($U$4>=$M60,$U$4<=$N60)),9,AND(OR($U$4<$M60,$U$4>$N60)),0) -> 0 | V60: =_xlfn.IFS(AND(AND($V$4>=$H60,$V$4<=$O60)),10,AND(AND($V$4>=$M60,$V$4<=$N60)),9,AND(OR($V$4<$M60,$V$4>$N60)),0) -> 0 | W60: =_xlfn.IFS(AND(AND($W$4>=$H60,$W$4<=$O60)),10,AND(AND($W$4>=$M60,$W$4<=$N60)),9,AND(OR($W$4<$M60,$W$4>$N60)),0) -> 0 | X60: =_xlfn.IFS(AND(AND($X$4>=$H60,$X$4<=$O60)),10,AND(AND($X$4>=$M60,$X$4<=$N60)),9,AND(OR($X$4<$M60,$X$4>$N60)),0) -> 0 | Y60: =_xlfn.IFS(AND(AND($Y$4>=$H60,$Y$4<=$O60)),10,AND(AND($Y$4>=$M60,$Y$4<=$N60)),9,AND(OR($Y$4<$M60,$Y$4>$N60)),0) -> 0 | Z60: =_xlfn.IFS(AND(AND($Z$4>=$H60,$Z$4<=$O60)),10,AND(AND($Z$4>=$M60,$Z$4<=$N60)),9,AND(OR($Z$4<$M60,$Z$4>$N60)),0) -> 0 | AA60: =_xlfn.IFS(AND(AND($AA$4>=$H60,$AA$4<=$O60)),10,AND(AND($AA$4>=$M60,$AA$4<=$N60)),9,AND(OR($AA$4<$M60,$AA$4>$N60)),0) -> 0 | AB60: =_xlfn.IFS(AND(AND($AB$4>=$H60,$AB$4<=$O60)),10,AND(AND($AB$4>=$M60,$AB$4<=$N60)),9,AND(OR($AB$4<$M60,$AB$4>$N60)),0) -> 0 | AC60: =_xlfn.IFS(AND(AND($AC$4>=$H60,$AC$4<=$O60)),10,AND(AND($AC$4>=$M60,$AC$4<=$N60)),9,AND(OR($AC$4<$M60,$AC$4>$N60)),0) -> 0 | AD60: =_xlfn.IFS(AND(AND($AD$4>=$H60,$AD$4<=$O60)),10,AND(AND($AD$4>=$M60,$AD$4<=$N60)),9,AND(OR($AD$4<$M60,$AD$4>$N60)),0) -> 0 | AE60: =_xlfn.IFS(AND(AND($AE$4>=$H60,$AE$4<=$O60)),10,AND(AND($AE$4>=$M60,$AE$4<=$N60)),9,AND(OR($AE$4<$M60,$AE$4>$N60)),0) -> 0 | AF60: =_xlfn.IFS(AND(AND($AF$4>=$H60,$AF$4<=$O60)),10,AND(AND($AF$4>=$M60,$AF$4<=$N60)),9,AND(OR($AF$4<$M60,$AF$4>$N60)),0) -> 0 | AG60: =_xlfn.IFS(AND(AND($AG$4>=$H60,$AG$4<=$O60)),10,AND(AND($AG$4>=$M60,$AG$4<=$N60)),9,AND(OR($AG$4<$M60,$AG$4>$N60)),0) -> 0 | AH60: =_xlfn.IFS(AND(AND($AH$4>=$H60,$AH$4<=$O60)),10,AND(AND($AH$4>=$M60,$AH$4<=$N60)),9,AND(OR($AH$4<$M60,$AH$4>$N60)),0) -> 0 | AI60: =_xlfn.IFS(AND(AND($AI$4>=$H60,$AI$4<=$O60)),10,AND(AND($AI$4>=$M60,$AI$4<=$N60)),9,AND(OR($AI$4<$M60,$AI$4>$N60)),0) -> 0 | AJ60: =_xlfn.IFS(AND(AND($AJ$4>=$H60,$AJ$4<=$O60)),10,AND(AND($AJ$4>=$M60,$AJ$4<=$N60)),9,AND(OR($AJ$4<$M60,$AJ$4>$N60)),0) -> 0 | AK60: =_xlfn.IFS(AND(AND($AK$4>=$H60,$AK$4<=$O60)),10,AND(AND($AK$4>=$M60,$AK$4<=$N60)),9,AND(OR($AK$4<$M60,$AK$4>$N60)),0) -> 0 | AL60: =_xlfn.IFS(AND(AND($AL$4>=$H60,$AL$4<=$O60)),10,AND(AND($AL$4>=$M60,$AL$4<=$N60)),9,AND(OR($AL$4<$M60,$AL$4>$N60)),0) -> 0 | AM60: =_xlfn.IFS(AND(AND($AM$4>=$H60,$AM$4<=$O60)),10,AND(AND($AM$4>=$M60,$AM$4<=$N60)),9,AND(OR($AM$4<$M60,$AM$4>$N60)),0) -> 0 | AN60: =_xlfn.IFS(AND(AND($AN$4>=$H60,$AN$4<=$O60)),10,AND(AND($AN$4>=$M60,$AN$4<=$N60)),9,AND(OR($AN$4<$M60,$AN$4>$N60)),0) -> 0 | AO60: =_xlfn.IFS(AND(AND($AO$4>=$H60,$AO$4<=$O60)),10,AND(AND($AO$4>=$M60,$AO$4<=$N60)),9,AND(OR($AO$4<$M60,$AO$4>$N60)),0) -> 0 | AQ60: 5 | AR60: AGR_11 | BU60: =#REF! -> #REF!
B61: 57 | C61: 5 | D61: AGRICULTURE | E61: AGR_12 | F61: Adopt carbon taxation for emissions, benefits for sequestration | H61: _ | I61: 1 | J61: 1 | M61: =H61 -> _ | N61: ='Project types'!$W$6 -> 2050 | O61: =IF(G61=1,(H61-1)+'Project types'!N62,IF(G61=2,H61-1,9999)) -> 9999 | P61: =_xlfn.IFS(AND(AND($P$4>=$H61,$P$4<=$O61)),10,AND(AND($P$4>=$M61,$P$4<=$N61)),9,AND(OR($P$4<$M61,$P$4>$N61)),0) -> 0 | Q61: =_xlfn.IFS(AND(AND($Q$4>=$H61,$Q$4<=$O61)),10,AND(AND($Q$4>=$M61,$Q$4<=$N61)),9,AND(OR($Q$4<$M61,$Q$4>$N61)),0) -> 0 | R61: =_xlfn.IFS(AND(AND($R$4>=$H61,$R$4<=$O61)),10,AND(AND($R$4>=$M61,$R$4<=$N61)),9,AND(OR($R$4<$M61,$R$4>$N61)),0) -> 0 | S61: =_xlfn.IFS(AND(AND($S$4>=$H61,$S$4<=$O61)),10,AND(AND($S$4>=$M61,$S$4<=$N61)),9,AND(OR($S$4<$M61,$S$4>$N61)),0) -> 0 | T61: =_xlfn.IFS(AND(AND($T$4>=$H61,$T$4<=$O61)),10,AND(AND($T$4>=$M61,$T$4<=$N61)),9,AND(OR($T$4<$M61,$T$4>$N61)),0) -> 0 | U61: =_xlfn.IFS(AND(AND($U$4>=$H61,$U$4<=$O61)),10,AND(AND($U$4>=$M61,$U$4<=$N61)),9,AND(OR($U$4<$M61,$U$4>$N61)),0) -> 0 | V61: =_xlfn.IFS(AND(AND($V$4>=$H61,$V$4<=$O61)),10,AND(AND($V$4>=$M61,$V$4<=$N61)),9,AND(OR($V$4<$M61,$V$4>$N61)),0) -> 0 | W61: =_xlfn.IFS(AND(AND($W$4>=$H61,$W$4<=$O61)),10,AND(AND($W$4>=$M61,$W$4<=$N61)),9,AND(OR($W$4<$M61,$W$4>$N61)),0) -> 0 | X61: =_xlfn.IFS(AND(AND($X$4>=$H61,$X$4<=$O61)),10,AND(AND($X$4>=$M61,$X$4<=$N61)),9,AND(OR($X$4<$M61,$X$4>$N61)),0) -> 0 | Y61: =_xlfn.IFS(AND(AND($Y$4>=$H61,$Y$4<=$O61)),10,AND(AND($Y$4>=$M61,$Y$4<=$N61)),9,AND(OR($Y$4<$M61,$Y$4>$N61)),0) -> 0 | Z61: =_xlfn.IFS(AND(AND($Z$4>=$H61,$Z$4<=$O61)),10,AND(AND($Z$4>=$M61,$Z$4<=$N61)),9,AND(OR($Z$4<$M61,$Z$4>$N61)),0) -> 0 | AA61: =_xlfn.IFS(AND(AND($AA$4>=$H61,$AA$4<=$O61)),10,AND(AND($AA$4>=$M61,$AA$4<=$N61)),9,AND(OR($AA$4<$M61,$AA$4>$N61)),0) -> 0 | AB61: =_xlfn.IFS(AND(AND($AB$4>=$H61,$AB$4<=$O61)),10,AND(AND($AB$4>=$M61,$AB$4<=$N61)),9,AND(OR($AB$4<$M61,$AB$4>$N61)),0) -> 0 | AC61: =_xlfn.IFS(AND(AND($AC$4>=$H61,$AC$4<=$O61)),10,AND(AND($AC$4>=$M61,$AC$4<=$N61)),9,AND(OR($AC$4<$M61,$AC$4>$N61)),0) -> 0 | AD61: =_xlfn.IFS(AND(AND($AD$4>=$H61,$AD$4<=$O61)),10,AND(AND($AD$4>=$M61,$AD$4<=$N61)),9,AND(OR($AD$4<$M61,$AD$4>$N61)),0) -> 0 | AE61: =_xlfn.IFS(AND(AND($AE$4>=$H61,$AE$4<=$O61)),10,AND(AND($AE$4>=$M61,$AE$4<=$N61)),9,AND(OR($AE$4<$M61,$AE$4>$N61)),0) -> 0 | AF61: =_xlfn.IFS(AND(AND($AF$4>=$H61,$AF$4<=$O61)),10,AND(AND($AF$4>=$M61,$AF$4<=$N61)),9,AND(OR($AF$4<$M61,$AF$4>$N61)),0) -> 0 | AG61: =_xlfn.IFS(AND(AND($AG$4>=$H61,$AG$4<=$O61)),10,AND(AND($AG$4>=$M61,$AG$4<=$N61)),9,AND(OR($AG$4<$M61,$AG$4>$N61)),0) -> 0 | AH61: =_xlfn.IFS(AND(AND($AH$4>=$H61,$AH$4<=$O61)),10,AND(AND($AH$4>=$M61,$AH$4<=$N61)),9,AND(OR($AH$4<$M61,$AH$4>$N61)),0) -> 0 | AI61: =_xlfn.IFS(AND(AND($AI$4>=$H61,$AI$4<=$O61)),10,AND(AND($AI$4>=$M61,$AI$4<=$N61)),9,AND(OR($AI$4<$M61,$AI$4>$N61)),0) -> 0 | AJ61: =_xlfn.IFS(AND(AND($AJ$4>=$H61,$AJ$4<=$O61)),10,AND(AND($AJ$4>=$M61,$AJ$4<=$N61)),9,AND(OR($AJ$4<$M61,$AJ$4>$N61)),0) -> 0 | AK61: =_xlfn.IFS(AND(AND($AK$4>=$H61,$AK$4<=$O61)),10,AND(AND($AK$4>=$M61,$AK$4<=$N61)),9,AND(OR($AK$4<$M61,$AK$4>$N61)),0) -> 0 | AL61: =_xlfn.IFS(AND(AND($AL$4>=$H61,$AL$4<=$O61)),10,AND(AND($AL$4>=$M61,$AL$4<=$N61)),9,AND(OR($AL$4<$M61,$AL$4>$N61)),0) -> 0 | AM61: =_xlfn.IFS(AND(AND($AM$4>=$H61,$AM$4<=$O61)),10,AND(AND($AM$4>=$M61,$AM$4<=$N61)),9,AND(OR($AM$4<$M61,$AM$4>$N61)),0) -> 0 | AN61: =_xlfn.IFS(AND(AND($AN$4>=$H61,$AN$4<=$O61)),10,AND(AND($AN$4>=$M61,$AN$4<=$N61)),9,AND(OR($AN$4<$M61,$AN$4>$N61)),0) -> 0 | AO61: =_xlfn.IFS(AND(AND($AO$4>=$H61,$AO$4<=$O61)),10,AND(AND($AO$4>=$M61,$AO$4<=$N61)),9,AND(OR($AO$4<$M61,$AO$4>$N61)),0) -> 0 | AQ61: 5 | AR61: AGR_12 | BU61: =#REF! -> #REF!
